,UF,Municipio,pop10,pop22,dif
0,AM,Manaus,1802014,2063689,261675
1,SP,São Paulo,11253503,11451999,198496
2,SP,Sorocaba,586625,723682,137057
3,GO,Goiânia,1302001,1437366,135365
4,RR,Boa Vista,284313,413486,129173
5,SC,Florianópolis,421240,537211,115971
6,PA,Parauapebas,153908,267836,113928
7,ES,Serra,409267,520653,111386
8,MS,Campo Grande,786797,898100,111303
9,PB,João Pessoa,723515,833932,110417
10,MG,Uberlândia,604013,713224,109211
11,SC,Joinville,515288,616317,101029
12,MT,Cuiabá,551098,650877,99779
13,SP,Ribeirão Preto,604682,698642,93960
14,PE,Petrolina,293962,386791,92829
15,SP,Praia Grande,262051,349935,87884
16,SC,Palhoça,137334,222598,85264
17,MT,Sinop,113099,196312,83213
18,MA,São José de Ribamar,163045,244579,81534
19,SC,Itajaí,183373,264054,80681
20,SP,Barueri,240749,316473,75724
21,TO,Palmas,228332,302692,74360
22,SP,Cotia,201150,274413,73263
23,SP,Jundiaí,370126,443221,73095
24,SP,Santo André,676407,748919,72512
25,GO,Aparecida de Goiânia,455657,527796,72139
26,SP,São José do Rio Preto,408258,480393,72135
27,SC,Chapecó,183530,254785,71255
28,GO,Senador Canedo,84443,155635,71192
29,RJ,Maricá,127461,197277,69816
30,SP,Guarulhos,1221979,1291771,69792
31,PR,Fazenda Rio Grande,81675,148873,67198
32,SP,São José dos Campos,629921,697054,67133
33,GO,Águas Lindas de Goiás,159378,225693,66315
34,GO,Valparaíso de Goiás,132982,198861,65879
35,PR,São José dos Pinhais,264210,329628,65418
36,GO,Anápolis,334613,398869,64256
37,BA,Vitória da Conquista,306866,370879,64013
38,SP,Mogi das Cruzes,387779,451505,63726
39,PE,Caruaru,314912,378048,63136
40,SP,Osasco,666740,728615,61875
41,PR,Cascavel,286205,348051,61846
42,SC,São José,209804,270299,60495
43,BA,Feira de Santana,556642,616272,59630
44,SP,Campinas,1080113,1139047,58934
45,SP,Piracicaba,364571,423323,58752
46,BA,Camaçari,242970,300372,57402
47,SP,Indaiatuba,201619,255748,54129
48,ES,Vila Velha,414586,467722,53136
49,PR,Maringá,357077,409657,52580
50,MG,Montes Claros,361915,414240,52325
51,SC,Blumenau,309011,361261,52250
52,PI,Teresina,814230,866300,52070
53,RJ,Rio das Ostras,105676,156491,50815
54,PA,Canaã dos Carajás,26716,77079,50363
55,RN,Parnamirim,202456,252716,50260
56,MT,Rondonópolis,195476,244911,49435
57,GO,Rio Verde,176424,225696,49272
58,PR,Londrina,506701,555965,49264
59,BA,Luís Eduardo Magalhães,60105,107909,47804
60,SP,Itaquaquecetuba,321770,369275,47505
61,MT,Várzea Grande,252596,300078,47482
62,MS,Dourados,196035,243367,47332
63,PR,Ponta Grossa,311611,358371,46760
64,SP,Santana de Parnaíba,108813,154105,45292
65,SP,São Bernardo do Campo,765463,810729,45266
66,SP,Suzano,262480,307429,44949
67,AP,Macapá,398204,442933,44729
68,MT,Sorriso,66521,110635,44114
69,SP,Hortolândia,192692,236641,43949
70,MG,Uberaba,295988,337836,41848
71,PE,Paulista,300466,342167,41701
72,BA,Porto Seguro,126929,168326,41397
73,SC,Camboriú,62361,103074,40713
74,MA,Paço do Lumiar,105121,145643,40522
75,BA,Lauro de Freitas,163449,203331,39882
76,BA,Juazeiro,197965,237821,39856
77,RJ,Macaé,206728,246391,39663
78,SC,Jaraguá do Sul,143123,182660,39537
79,MT,Lucas do Rio Verde,45556,83798,38242
80,SP,Sumaré,241311,279545,38234
81,GO,Trindade,104488,142431,37943
82,GO,Goianira,34060,71916,37856
83,PA,Santarém,294580,331942,37362
84,RN,Extremoz,24569,61635,37066
85,CE,Juazeiro do Norte,249939,286120,36181
86,RJ,Cabo Frio,186227,222161,35934
87,SC,Brusque,105503,141385,35882
88,GO,Cidade Ocidental,55915,91767,35852
89,PR,Sarandi,82847,118455,35608
90,SP,Bauru,343937,379146,35209
91,GO,Luziânia,174531,209129,34598
92,PB,Campina Grande,385213,419379,34166
93,SP,Caraguatatuba,100840,134873,34033
94,SP,Franca,318640,352536,33896
95,MG,Betim,378089,411846,33757
96,SP,Araraquara,208662,242228,33566
97,MG,Ribeirão das Neves,296317,329794,33477
98,MT,Primavera do Leste,52066,85146,33080
99,SP,São Carlos,221950,254857,32907
100,PA,Marabá,233669,266533,32864
101,PR,Araucária,119123,151666,32543
102,SP,Taubaté,278686,310739,32053
103,SP,Atibaia,126603,158647,32044
104,RO,Porto Velho,428527,460434,31907
105,MG,Nova Serrana,73699,105552,31853
106,SE,Aracaju,571149,602757,31608
107,SP,Itapevi,200769,232297,31528
108,SE,Nossa Senhora do Socorro,160827,192330,31503
109,PR,Toledo,119313,150470,31157
110,SC,Balneário Camboriú,108089,139155,31066
111,MG,Nova Lima,80998,111697,30699
112,MS,Três Lagoas,101791,132152,30361
113,CE,Caucaia,325441,355679,30238
114,SC,Itapema,45797,75940,30143
115,SP,Bragança Paulista,146744,176811,30067
116,PB,Santa Rita,120310,149910,29600
117,PR,Foz do Iguaçu,256088,285415,29327
118,SP,Jacareí,211214,240275,29061
119,SP,Taboão da Serra,244528,273542,29014
120,CE,Itaitinga,35817,64650,28833
121,SP,Salto,105516,134319,28803
122,AC,Rio Branco,336038,364756,28718
123,SP,Cajamar,64114,92689,28575
124,SP,Paulínia,82146,110537,28391
125,RN,São Gonçalo do Amarante,87668,115838,28170
126,GO,Caldas Novas,70473,98622,28149
127,CE,Eusébio,46033,74170,28137
128,RS,Caxias do Sul,435564,463501,27937
129,GO,Catalão,86647,114427,27780
130,PA,Altamira,99075,126279,27204
131,PA,Barcarena,99859,126650,26791
132,SP,Americana,210638,237240,26602
133,SC,Navegantes,60556,86401,25845
134,PA,Itaituba,97493,123314,25821
135,SP,Itupeva,44859,70616,25757
136,MA,Imperatriz,247505,273110,25605
137,PR,Piraquara,93207,118730,25523
138,ES,Linhares,141306,166786,25480
139,CE,Maracanaú,209057,234509,25452
140,AL,Rio Largo,68481,93927,25446
141,SP,Itanhaém,87057,112476,25419
142,MG,Esmeraldas,60271,85598,25327
143,AL,Maceió,932748,957916,25168
144,MG,Extrema,28599,53482,24883
145,MG,Vespasiano,104527,129246,24719
146,MG,Juiz de Fora,516247,540756,24509
147,MT,Nova Mutum,31649,55839,24190
148,PR,Campo Largo,112377,136327,23950
149,RS,Canoas,323827,347657,23830
150,PA,Mojuí dos Campos,0,23501,23501
151,GO,Planaltina,81649,105031,23382
152,MT,Tangará da Serra,83431,106434,23003
153,SC,Barra Velha,22386,45369,22983
154,MA,São Luís,1014837,1037775,22938
155,MG,Lagoa Santa,52520,75145,22625
156,BA,Barreiras,137427,159734,22307
157,RS,Lajeado,71445,93646,22201
158,SC,Criciúma,192308,214493,22185
159,PR,Curitiba,1751907,1773718,21811
160,MG,Pouso Alegre,130615,152217,21602
161,RS,Capão da Canoa,42040,63594,21554
162,RS,Passo Fundo,184826,206215,21389
163,SP,Marília,216745,237627,20882
164,TO,Araguaína,150484,171301,20817
165,AL,Arapiraca,214006,234696,20690
166,SC,Tijucas,30960,51592,20632
167,MG,Patos de Minas,138710,159235,20525
168,SC,Araquari,24810,45283,20473
169,AM,Iranduba,40781,61163,20382
170,SP,Itatiba,101471,121590,20119
171,RJ,Campos dos Goytacazes,463731,483540,19809
172,CE,Barbalha,55323,75033,19710
173,RO,Vilhena,76202,95832,19630
174,SP,Valinhos,106793,126373,19580
175,CE,Horizonte,55187,74755,19568
176,PR,Pato Branco,72370,91836,19466
177,ES,Guarapari,105286,124656,19370
178,PR,Colombo,212967,232212,19245
179,SP,Votorantim,108809,127923,19114
180,PA,Castanhal,173149,192256,19107
181,MA,Timon,155460,174465,19005
182,SC,Biguaçu,58206,76773,18567
183,SP,Araçatuba,181579,200124,18545
184,SP,Pindamonhangaba,146995,165428,18433
185,MG,Contagem,603442,621863,18421
186,PE,Cabo de Santo Agostinho,185025,203440,18415
187,MT,Campo Novo do Parecis,27577,45899,18322
188,PE,Ipojuca,80637,98932,18295
189,MA,Balsas,83528,101767,18239
190,MG,Divinópolis,213016,231091,18075
191,SP,Presidente Prudente,207610,225668,18058
192,MG,Araxá,93672,111691,18019
193,RS,Cachoeirinha,118278,136258,17980
194,SP,Botucatu,127328,145155,17827
195,GO,Jataí,88006,105729,17723
196,PR,Francisco Beltrão,78943,96666,17723
197,RJ,Araruama,112008,129671,17663
198,MG,Santana do Paraíso,27265,44800,17535
199,SP,Carapicuíba,369584,386984,17400
200,GO,Mineiros,52935,70081,17146
201,PA,Abaetetuba,141100,158188,17088
202,SP,Sertãozinho,110074,126887,16813
203,AM,Itacoatiara,86839,103598,16759
204,PA,Alenquer,52626,69377,16751
205,SE,São Cristóvão,78864,95612,16748
206,AM,Manacapuru,85141,101883,16742
207,SC,Indaial,54854,71549,16695
208,PR,Almirante Tamandaré,103204,119825,16621
209,SP,Tatuí,107326,123942,16616
210,SP,Bertioga,47645,64188,16543
211,SE,Barra dos Coqueiros,24976,41511,16535
212,SE,Itabaiana,86967,103440,16473
213,PI,Parnaíba,145705,162159,16454
214,PR,Umuarama,100676,117095,16419
215,SP,Mogi Guaçu,137245,153658,16413
216,SP,São Caetano do Sul,149263,165655,16392
217,MG,Santa Luzia,202942,219132,16190
218,RJ,São Pedro da Aldeia,87875,104029,16154
219,SC,Itapoá,14763,30750,15987
220,SC,Balneário Rincão,0,15981,15981
221,RS,Bento Gonçalves,107278,123151,15873
222,SP,Limeira,276022,291869,15847
223,GO,Formosa,100085,115901,15816
224,GO,Cristalina,46580,62337,15757
225,SP,Monte Mor,48949,64662,15713
226,SP,Mongaguá,46293,61951,15658
227,RJ,Saquarema,74234,89559,15325
228,TO,Porto Nacional,49146,64418,15272
229,SP,Rio Claro,186253,201418,15165
230,MG,Conselheiro Lafaiete,116512,131621,15109
231,GO,Itumbiara,92883,107970,15087
232,CE,Itapipoca,116065,131123,15058
233,SP,Jaguariúna,44311,59347,15036
234,PR,Arapongas,104150,119138,14988
235,RS,Santa Cruz do Sul,118374,133230,14856
236,CE,Sobral,188233,203023,14790
237,PR,Guarapuava,167328,182093,14765
238,PA,Baião,36882,51641,14759
239,ES,São Mateus,109028,123752,14724
240,SP,Louveira,37125,51847,14722
241,SC,Gaspar,57981,72570,14589
242,AM,Tabatinga,52272,66764,14492
243,AL,Marechal Deodoro,45977,60370,14393
244,SP,Ubatuba,78801,92981,14180
245,GO,Goianésia,59549,73707,14158
246,MS,Ponta Porã,77872,92017,14145
247,PA,Breves,92860,106968,14108
248,SP,Itu,154147,168240,14093
249,PA,Moju,70018,84094,14076
250,AM,São Gabriel da Cachoeira,37896,51795,13899
251,PR,Rolândia,57862,71670,13808
252,RJ,Belford Roxo,469332,483087,13755
253,MT,Querência,13033,26769,13736
254,SP,Jarinu,23847,37535,13688
255,PA,Santa Izabel do Pará,59466,73019,13553
256,BA,Eunápolis,100196,113710,13514
257,SP,Itapetininga,144377,157790,13413
258,MG,Varginha,123081,136467,13386
259,AC,Cruzeiro do Sul,78507,91888,13381
260,PA,Cametá,120896,134184,13288
261,AM,Humaitá,44227,57473,13246
262,MG,Sete Lagoas,214152,227397,13245
263,SP,Franco da Rocha,131604,144849,13245
264,PE,Igarassu,102021,115196,13175
265,PE,Garanhuns,129408,142506,13098
266,SC,Concórdia,68621,81646,13025
267,MT,Campo Verde,31589,44585,12996
268,PE,Serra Talhada,79232,92228,12996
269,ES,Aracruz,81832,94765,12933
270,SP,Vinhedo,63611,76540,12929
271,MG,Pará de Minas,84215,97139,12924
272,SP,Mairiporã,80956,93853,12897
273,SC,Tubarão,97235,110088,12853
274,RS,Tramandaí,41585,54387,12802
275,RN,Macaíba,69467,82249,12782
276,SP,Boituva,48314,61081,12767
277,SP,Bady Bassitt,14603,27260,12657
278,MT,Barra do Garças,56560,69210,12650
279,CE,Tianguá,68892,81506,12614
280,MG,Lavras,92200,104761,12561
281,PR,Medianeira,41817,54369,12552
282,RJ,Armação dos Búzios,27560,40006,12446
283,SC,Imbituba,40170,52579,12409
284,PA,Xinguara,40573,52893,12320
285,MG,Manhuaçu,79574,91886,12312
286,GO,Abadia de Goiás,6876,19128,12252
287,PR,Campo Mourão,87194,99432,12238
288,AM,Tefé,61453,73669,12216
289,MG,Itaúna,85463,97669,12206
290,BA,Santo Antônio de Jesus,90985,103055,12070
291,SP,Araras,118843,130866,12023
292,SP,Votuporanga,84692,96634,11942
293,PA,Benevides,51651,63567,11916
294,SC,Garopaba,18138,29959,11821
295,MA,Grajaú,62093,73872,11779
296,SP,Arujá,74905,86678,11773
297,PR,Mandaguaçu,19781,31457,11676
298,SC,Porto Belo,16083,27688,11605
299,MG,Ibirité,158954,170537,11583
300,SC,Guaramirim,35172,46711,11539
301,SP,Caçapava,84752,96202,11450
302,SC,Rio do Sul,61198,72587,11389
303,MS,Chapadão do Sul,19648,30993,11345
304,MG,Poços de Caldas,152435,163742,11307
305,PA,Anapu,20543,31850,11307
306,PA,Muaná,34204,45368,11164
307,PA,Tomé-Açu,56518,67585,11067
308,MG,Sarzedo,25814,36844,11030
309,MG,Igarapé,34851,45847,10996
310,RN,Ceará-Mirim,68141,79115,10974
311,SP,Ferraz de Vasconcelos,168306,179198,10892
312,MT,Sapezal,18094,28944,10850
313,SP,Nova Odessa,51242,62019,10777
314,SC,Bombinhas,14293,25058,10765
315,RJ,Casimiro de Abreu,35347,46110,10763
316,RS,Santa Maria,261031,271735,10704
317,PE,Santa Cruz do Capibaribe,87582,98254,10672
318,SP,Francisco Morato,154472,165139,10667
319,MA,Barreirinhas,54930,65589,10659
320,SC,Araranguá,61310,71922,10612
321,MT,Pontes e Lacerda,41408,52018,10610
322,PR,Cambé,96733,107208,10475
323,SP,Embu das Artes,240230,250691,10461
324,PR,Paranavaí,81590,92001,10411
325,SP,Barretos,112101,122485,10384
326,GO,Hidrolândia,17398,27742,10344
327,PA,Portel,52172,62503,10331
328,CE,Quixeramobim,71887,82177,10290
329,CE,São Gonçalo do Amarante,43890,54143,10253
330,SP,Birigui,108728,118979,10251
331,SC,Pescaria Brava,0,10190,10190
332,SP,Tremembé,40984,51173,10189
333,SC,São Francisco do Sul,42520,52674,10154
334,PE,Gravatá,76458,86516,10058
335,SC,Balneário Piçarras,17078,27127,10049
336,PA,Redenção,75556,85597,10041
337,PR,Paiçandu,35936,45962,10026
338,PR,Pinhais,117008,127019,10011
339,MG,Mateus Leme,27856,37841,9985
340,PR,Guaratuba,32095,42062,9967
341,MT,Confresa,25124,35075,9951
342,PA,Jacareacanga,14103,24042,9939
343,PR,Marialva,31959,41851,9892
344,GO,Morrinhos,41460,51351,9891
345,GO,Bela Vista de Goiás,24554,34445,9891
346,SP,Avaré,82934,92805,9871
347,PA,Bragança,113227,123082,9855
348,RJ,Resende,119769,129612,9843
349,PR,Matinhos,29428,39259,9831
350,RS,Canela,39229,48946,9717
351,SP,Jandira,108344,118045,9701
352,PI,Picos,73414,83090,9676
353,AL,Satuba,14603,24278,9675
354,CE,Crato,121428,131050,9622
355,RS,Erechim,96087,105705,9618
356,PR,Cianorte,69958,79527,9569
357,SP,Mirassol,53792,63337,9545
358,PA,Senador José Porfírio,13045,22576,9531
359,PR,Pontal do Paraná,20920,30425,9505
360,MT,Alta Floresta,49164,58613,9449
361,AM,Autazes,32135,41564,9429
362,RS,Gravataí,255660,265074,9414
363,GO,Itaberaí,35371,44734,9363
364,SC,Timbó,36774,46099,9325
365,MG,Paracatu,84718,94023,9305
366,CE,Pacatuba,72299,81524,9225
367,PR,Apucarana,120919,130134,9215
368,RS,Imbé,17670,26824,9154
369,CE,Pacajus,61838,70983,9145
370,BA,Alagoinhas,141949,151055,9106
371,MG,São Gotardo,31819,40910,9091
372,PR,Campina Grande do Sul,38769,47825,9056
373,MG,Unaí,77565,86619,9054
374,PA,Brasil Novo,15690,24718,9028
375,PR,Marechal Cândido Rondon,46819,55836,9017
376,BA,Guanambi,78833,87817,8984
377,AM,Maués,52236,61204,8968
378,PE,Arcoverde,68793,77742,8949
379,SP,São João da Boa Vista,83639,92547,8908
380,SC,Forquilhinha,22548,31431,8883
381,GO,Santo Antônio do Descoberto,63248,72127,8879
382,RR,Pacaraima,10433,19305,8872
383,ES,Itapemirim,30988,39832,8844
384,MG,São Joaquim de Bicas,25537,34348,8811
385,AM,Boa Vista do Ramos,14979,23785,8806
386,MA,Turilândia,22846,31638,8792
387,GO,Novo Gama,95018,103804,8786
388,RS,Marau,36364,45124,8760
389,SE,Nossa Senhora da Glória,32497,41212,8715
390,PR,Dois Vizinhos,36179,44869,8690
391,SP,Várzea Paulista,107089,115771,8682
392,PI,Altos,38822,47453,8631
393,SP,Peruíbe,59773,68352,8579
394,PB,Cabedelo,57944,66519,8575
395,CE,Jijoca de Jericoacoara,17002,25555,8553
396,SC,Penha,25141,33663,8522
397,GO,Palmeiras de Goiás,23338,31858,8520
398,MG,Juatuba,22202,30716,8514
399,PA,Novo Progresso,25124,33638,8514
400,SP,Caieiras,86529,95032,8503
401,SC,São Bento do Sul,74801,83277,8476
402,ES,Viana,65001,73423,8422
403,RS,Santa Rosa,68587,76963,8376
404,TO,Gurupi,76755,85125,8370
405,RR,Rorainópolis,24279,32647,8368
406,MT,Água Boa,20856,29219,8363
407,PE,São Lourenço da Mata,102895,111249,8354
408,BA,Irecê,66181,74507,8326
409,RO,Cacoal,78574,86887,8313
410,SC,Videira,47188,55466,8278
411,SC,Lages,156727,164981,8254
412,ES,Colatina,111788,120033,8245
413,MA,Urbano Santos,24573,32812,8239
414,SP,Iperó,28300,36459,8159
415,RN,Nísia Floresta,23784,31942,8158
416,MA,Chapadinha,73350,81386,8036
417,PA,Bagre,23864,31892,8028
418,SC,São Miguel do Oeste,36306,44330,8024
419,CE,Aquiraz,72628,80645,8017
420,MG,Araguari,109801,117808,8007
421,TO,Paraíso do Tocantins,44417,52360,7943
422,MG,Itabirito,45449,53365,7916
423,AC,Tarauacá,35590,43467,7877
424,RS,Gramado,32273,40134,7861
425,RJ,Nova Friburgo,182082,189939,7857
426,ES,Marataízes,34140,41929,7789
427,PE,Araripina,77302,85088,7786
428,RJ,Itaguaí,109091,116841,7750
429,AM,Lábrea,37701,45448,7747
430,MA,Santa Inês,77282,85014,7732
431,PA,Paragominas,97819,105550,7731
432,RO,Ji-Paraná,116610,124333,7723
433,GO,Nerópolis,24210,31932,7722
434,CE,Acaraú,57551,65264,7713
435,RJ,Paraty,37533,45243,7710
436,SP,São Sebastião,73942,81595,7653
437,MS,Maracaju,37405,45047,7642
438,SP,Jardinópolis,37661,45282,7621
439,GO,Cocalzinho de Goiás,17407,25016,7609
440,SP,Porto Feliz,48893,56497,7604
441,RN,São José de Mipibu,39776,47286,7510
442,SC,Xanxerê,44128,51607,7479
443,ES,Santa Maria de Jetibá,34176,41636,7460
444,SC,Santo Amaro da Imperatriz,19823,27272,7449
445,SC,Balneário Gaivota,8234,15669,7435
446,SP,Vargem Grande Paulista,42997,50415,7418
447,BA,Prado,27627,35003,7376
448,MS,São Gabriel do Oeste,22203,29579,7376
449,MG,Patrocínio,82471,89826,7355
450,PA,Salinópolis,37421,44772,7351
451,CE,Paracuru,31636,38980,7344
452,PR,Itaperuçu,23887,31217,7330
453,GO,Padre Bernardo,27671,34967,7296
454,CE,Cruz,22479,29761,7282
455,SP,Artur Nogueira,44177,51456,7279
456,AM,Jutaí,17992,25172,7180
457,MG,Mariana,54219,61387,7168
458,PA,Dom Eliseu,51319,58484,7165
459,SP,Diadema,386089,393237,7148
460,BA,Casa Nova,64940,72086,7146
461,MT,Paranatinga,19290,26423,7133
462,MT,Canarana,18754,25858,7104
463,RS,Torres,34656,41751,7095
464,PE,Belo Jardim,72432,79507,7075
465,CE,Trairi,51422,58415,6993
466,AP,Oiapoque,20509,27482,6973
467,PA,Curuçá,34294,41262,6968
468,MS,Rio Brilhante,30663,37601,6938
469,BA,Jequié,151895,158813,6918
470,PR,Rio Branco do Sul,30650,37558,6908
471,AM,Manicoré,47017,53914,6897
472,SP,Ibitinga,53158,60033,6875
473,BA,Teixeira de Freitas,138341,145216,6875
474,MG,São Sebastião do Paraíso,64980,71796,6816
475,SP,Mairinque,43223,50027,6804
476,PA,Ananindeua,471980,478778,6798
477,PA,Capanema,63639,70394,6755
478,PA,Igarapé-Miri,58077,64831,6754
479,SP,Ilhabela,28196,34934,6738
480,SE,Lagarto,94861,101579,6718
481,BA,Capim Grosso,26577,33235,6658
482,RS,Farroupilha,63635,70286,6651
483,PA,Porto de Moz,33956,40597,6641
484,MT,Juína,39255,45869,6614
485,PB,Queimadas,41049,47658,6609
486,PI,São Raimundo Nonato,32327,38934,6607
487,SP,São Pedro,31662,38256,6594
488,CE,Cascavel,66142,72720,6578
489,MG,João Monlevade,73610,80187,6577
490,SC,Pomerode,27759,34289,6530
491,PE,Inajá,19081,25603,6522
492,BA,Ribeira do Pombal,47518,54010,6492
493,RS,Osório,40906,47396,6490
494,SP,Fernandópolis,64696,71186,6490
495,SC,Balneário Barra do Sul,8430,14912,6482
496,RO,Ariquemes,90353,96833,6480
497,MA,Pinheiro,78162,84621,6459
498,PA,Mãe do Rio,27904,34353,6449
499,MG,Curvelo,74219,80665,6446
500,SC,São João Batista,26260,32687,6427
501,SP,Leme,91756,98161,6405
502,PE,Itaíba,26256,32650,6394
503,AP,Santana,101262,107618,6356
504,MS,Costa Rica,19695,26037,6342
505,PR,Palotina,28683,35011,6328
506,RS,Nova Santa Rita,22716,29024,6308
507,MG,São José da Lapa,19799,26090,6291
508,SC,Passo de Torres,6627,12897,6270
509,SP,Assis,95144,101409,6265
510,RJ,Itaboraí,218008,224267,6259
511,SC,Balneário Arroio do Silva,9586,15820,6234
512,BA,São Gonçalo dos Campos,33283,39513,6230
513,PA,Prainha,29349,35577,6228
514,SC,Xaxim,25713,31918,6205
515,PB,Conde,21400,27605,6205
516,PA,Rondon do Pará,46964,53143,6179
517,PI,Bom Jesus,22629,28796,6167
518,BA,Nordestina,12371,18523,6152
519,SC,Maravilha,22101,28251,6150
520,MG,Bom Despacho,45624,51737,6113
521,SC,Guabiruba,18430,24543,6113
522,AM,Urucurituba,17837,23945,6108
523,ES,Anchieta,23902,29984,6082
524,SP,Mogi Mirim,86505,92558,6053
525,PR,Castro,67084,73075,5991
526,SP,Guaratinguetá,112072,118044,5972
527,MT,Aripuanã,18656,24626,5970
528,CE,Aracati,69159,75113,5954
529,MT,Matupá,14174,20091,5917
530,SP,Itapecerica da Serra,152614,158522,5908
531,BA,Brumado,64602,70510,5908
532,CE,Brejo Santo,45193,51090,5897
533,GO,Chapadão do Céu,7001,12870,5869
534,RS,Ijuí,78915,84780,5865
535,PA,Tucumã,33690,39550,5860
536,BA,Conceição do Coité,62040,67825,5785
537,RO,Rolim de Moura,50648,56406,5758
538,MG,São João del Rei,84469,90225,5756
539,PE,Salgueiro,56629,62372,5743
540,SP,Registro,54261,59947,5686
541,MT,Poxoréu,17599,23283,5684
542,PE,Manari,18083,23763,5680
543,MA,São Bento,40736,46395,5659
544,MG,Passos,106290,111939,5649
545,SC,Pinhalzinho,16332,21972,5640
546,GO,Uruaçu,36929,42546,5617
547,PE,Surubim,58515,64120,5605
548,PE,Toritama,35554,41137,5583
549,GO,Guapó,13976,19545,5569
550,SP,Santa Fé do Sul,29239,34794,5555
551,BA,São Francisco do Conde,33183,38733,5550
552,RN,Tibau do Sul,11385,16929,5544
553,RS,Teutônia,27272,32797,5525
554,CE,Tauá,55716,61227,5511
555,MS,Paraíso das Águas,0,5510,5510
556,PA,Oriximiná,62794,68294,5500
557,CE,Itarema,37471,42957,5486
558,MS,Ivinhema,22341,27821,5480
559,PI,José de Freitas,37085,42559,5474
560,RS,Panambi,38058,43515,5457
561,PA,Acará,53569,59023,5454
562,MG,Lagoa da Prata,45984,51412,5428
563,BA,Maraú,19101,24527,5426
564,PE,Goiana,75644,81055,5411
565,SP,Cabreúva,41604,47011,5407
566,SP,Guararema,25844,31236,5392
567,MS,Nova Alvorada do Sul,16432,21822,5390
568,RR,Uiramutã,8375,13751,5376
569,PR,Paranaguá,140469,145829,5360
570,PR,Palmas,42888,48247,5359
571,MS,Aparecida do Taboado,22320,27674,5354
572,PA,Curralinho,28549,33903,5354
573,RS,Estância Velha,42574,47924,5350
574,MG,Conceição das Alagoas,23043,28381,5338
575,SP,Capela do Alto,17532,22866,5334
576,PR,Campo Magro,24843,30160,5317
577,PE,Paudalho,51357,56665,5308
578,RS,Tapejara,19250,24557,5307
579,MG,Conceição do Mato Dentro,17908,23163,5255
580,PA,Oeiras do Pará,28595,33844,5249
581,AM,Beruri,15486,20718,5232
582,RS,Carlos Barbosa,25192,30420,5228
583,GO,Quirinópolis,43220,48447,5227
584,PR,Mandirituba,22220,27439,5219
585,RS,Eldorado do Sul,34343,39559,5216
586,RJ,Itaperuna,95841,101041,5200
587,MG,Alfenas,73774,78970,5196
588,BA,Conceição do Jacuípe,30123,35308,5185
589,PR,Telêmaco Borba,69872,75042,5170
590,BA,São Desidério,27659,32828,5169
591,BA,Euclides da Cunha,56289,61456,5167
592,PE,Afogados da Ingazeira,35088,40241,5153
593,SP,Araçoiaba da Serra,27299,32443,5144
594,SC,Presidente Getúlio,14887,20010,5123
595,MG,Frutal,53468,58588,5120
596,PA,Ourilândia do Norte,27359,32467,5108
597,TO,Lagoa da Confusão,10210,15288,5078
598,SP,Cerquilho,39617,44695,5078
599,SP,Lençóis Paulista,61428,66505,5077
600,RJ,Iguaba Grande,22851,27920,5069
601,PI,Uruçuí,20149,25203,5054
602,SP,Olímpia,50024,55074,5050
603,RR,Normandia,8940,13986,5046
604,MG,Ituiutaba,97171,102217,5046
605,BA,Dias d'Ávila,66440,71485,5045
606,SP,Serrana,38878,43909,5031
607,MG,Camanducaia,21080,26097,5017
608,MS,Sidrolândia,42132,47118,4986
609,BA,Vera Cruz,37567,42529,4962
610,MG,Brumadinho,33973,38915,4942
611,RS,Montenegro,59415,64322,4907
612,AP,Mazagão,17032,21924,4892
613,MS,Caarapó,25767,30612,4845
614,BA,Barra da Estiva,21187,26026,4839
615,MG,Capelinha,34803,39626,4823
616,MG,Arcos,36597,41416,4819
617,AM,Boca do Acre,30632,35447,4815
618,PB,Cajazeiras,58446,63239,4793
619,RR,Cantá,13902,18682,4780
620,PR,Santo Antônio do Sudoeste,18893,23673,4780
621,RJ,Mangaratiba,36456,41220,4764
622,RN,Mossoró,259815,264577,4762
623,BA,Campo Formoso,66616,71377,4761
624,CE,Viçosa do Ceará,54955,59712,4757
625,SC,Braço do Norte,29018,33773,4755
626,ES,Cariacica,348738,353491,4753
627,SC,Schroeder,15316,20061,4745
628,CE,Pindoretama,18683,23391,4708
629,MT,Nova Xavantina,19643,24345,4702
630,SC,Ilhota,12355,17046,4691
631,MA,Santa Rita,32366,37035,4669
632,RR,Alto Alegre,16448,21096,4648
633,SP,Cedral,7972,12618,4646
634,PA,Capitão Poço,51893,56506,4613
635,AC,Brasiléia,21398,26000,4602
636,RR,Amajari,9327,13927,4600
637,MS,Amambai,34730,39325,4595
638,PA,Monte Alegre,55462,60012,4550
639,PA,Limoeiro do Ajuru,25021,29569,4548
640,MG,Ouro Preto,70281,74821,4540
641,BA,Cansanção,32908,37439,4531
642,PR,Floresta,5931,10458,4527
643,MA,Raposa,26327,30839,4512
644,BA,Macarani,17093,21599,4506
645,BA,Caetité,47515,52012,4497
646,BA,Paulo Afonso,108396,112870,4474
647,SP,Andradina,55334,59783,4449
648,AC,Bujari,8471,12917,4446
649,SP,Araçariguama,17080,21522,4442
650,PE,Carpina,74858,79293,4435
651,GO,Iporá,31274,35684,4410
652,RS,Cidreira,12668,17071,4403
653,MG,Santa Juliana,11337,15734,4397
654,BA,Santo Estêvão,47880,52276,4396
655,SP,Ilha Comprida,9025,13419,4394
656,SP,Ibiúna,71217,75605,4388
657,MG,Cláudio,25771,30159,4388
658,MG,Congonhas,48519,52890,4371
659,BA,Seabra,41798,46160,4362
660,PR,Siqueira Campos,18454,22811,4357
661,PI,Floriano,57690,62036,4346
662,PR,Quatro Barras,19851,24191,4340
663,PR,Cafelândia,14662,18997,4335
664,MA,João Lisboa,20381,24709,4328
665,BA,Coração de Maria,22401,26692,4291
666,CE,Guaraciaba do Norte,37775,42053,4278
667,SC,Ituporanga,22250,26525,4275
668,RN,Goianinha,22481,26741,4260
669,RS,Nova Petrópolis,19045,23300,4255
670,ES,Jaguaré,24678,28931,4253
671,AM,Benjamin Constant,33411,37648,4237
672,MG,Viçosa,72220,76430,4210
673,PE,Trindade,26116,30321,4205
674,SP,Embu-Guaçu,62769,66970,4201
675,MG,Piumhi,31883,36062,4179
676,ES,Piúma,18123,22300,4177
677,AM,Canutama,12738,16869,4131
678,PR,Carambeí,19163,23283,4120
679,PE,Vitória de Santo Antão,129974,134084,4110
680,SC,Campos Novos,32824,36932,4108
681,RS,Balneário Pinhal,10856,14955,4099
682,SP,Brodowski,21107,25201,4094
683,AC,Mâncio Lima,15206,19294,4088
684,PA,Augusto Corrêa,40497,44573,4076
685,MG,Jaíba,33587,37660,4073
686,MS,Bonito,19587,23659,4072
687,PR,Mandaguari,32658,36716,4058
688,MS,Naviraí,46424,50457,4033
689,PE,Abreu e Lima,94429,98462,4033
690,RS,Xangri-lá,12434,16463,4029
691,MG,Itapeva,8664,12692,4028
692,AC,Manoel Urbano,7981,11996,4015
693,BA,Santaluz,33838,37834,3996
694,SE,Itaporanga d'Ajuda,30419,34411,3992
695,PE,Itapissuma,23769,27749,3980
696,MT,Tapurah,10392,14370,3978
697,GO,Inhumas,48246,52204,3958
698,PA,Salvaterra,20183,24129,3946
699,PA,Santa Bárbara do Pará,17141,21087,3946
700,SP,Cerqueira César,17532,21469,3937
701,SC,Governador Celso Ramos,12999,16915,3916
702,MG,Janaúba,66803,70699,3896
703,BA,Presidente Tancredo Neves,23846,27734,3888
704,SE,Simão Dias,38702,42578,3876
705,MG,Urucuia,13604,17479,3875
706,SP,José Bonifácio,32763,36633,3870
707,MA,Cantanhede,20448,24303,3855
708,SP,Engenheiro Coelho,15721,19566,3845
709,PE,Custódia,33855,37699,3844
710,SP,Guapiaçu,17869,21711,3842
711,MG,Pedro Leopoldo,58740,62580,3840
712,MG,Iturama,34456,38295,3839
713,RJ,São João da Barra,32747,36573,3826
714,GO,São Luís de Montes Belos,30034,33852,3818
715,CE,Beberibe,49311,53114,3803
716,PA,Juruti,47086,50881,3795
717,SP,Holambra,11299,15094,3795
718,RS,Frederico Westphalen,28843,32627,3784
719,GO,São João d'Aliança,10257,14041,3784
720,SC,Garuva,14761,18545,3784
721,PR,Assis Chateaubriand,33025,36808,3783
722,RJ,Porto Real,16592,20373,3781
723,SC,Antônio Carlos,7458,11224,3766
724,RS,Flores da Cunha,27126,30892,3766
725,RJ,Volta Redonda,257803,261563,3760
726,SC,Guatambú,4679,8425,3746
727,SP,Álvares Machado,23513,27255,3742
728,PE,Vertentes,18222,21959,3737
729,AM,Santo Antônio do Içá,24481,28211,3730
730,PB,Alhandra,18007,21730,3723
731,RJ,São Francisco de Itabapoana,41354,45059,3705
732,PI,Piripiri,61834,65538,3704
733,MA,Bacabal,100014,103711,3697
734,AM,Barreirinha,27355,31051,3696
735,GO,Pirenópolis,23006,26690,3684
736,BA,Serrinha,76762,80435,3673
737,MT,Campos de Júlio,5154,8822,3668
738,MG,Matozinhos,33955,37618,3663
739,RS,Araricá,4864,8525,3661
740,AC,Epitaciolândia,15100,18757,3657
741,RS,Garibaldi,30689,34335,3646
742,MA,Brejo de Areia,5577,9218,3641
743,MA,Matões do Norte,13794,17432,3638
744,SP,Salto de Pirapora,40132,43748,3616
745,GO,Pires do Rio,28762,32373,3611
746,SP,Barrinha,28496,32092,3596
747,PE,Ferreiros,11430,15026,3596
748,BA,Poções,44701,48293,3592
749,CE,Crateús,72812,76390,3578
750,PA,Cumaru do Norte,10466,14036,3570
751,ES,Domingos Martins,31847,35416,3569
752,CE,Quixadá,80604,84168,3564
753,MG,Itabira,109783,113343,3560
754,MA,Turiaçu,33933,37491,3558
755,SP,Campo Limpo Paulista,74074,77632,3558
756,PA,Marituba,108246,111785,3539
757,PA,Cachoeira do Arari,20443,23981,3538
758,MA,Trizidela do Vale,18953,22484,3531
759,GO,Aragoiânia,8365,11890,3525
760,SP,Cesário Lange,15540,19048,3508
761,SP,Serra Negra,26387,29894,3507
762,PE,Pombos,24046,27552,3506
763,BA,Ibicoara,17282,20785,3503
764,GO,Posse,31419,34914,3495
765,AM,Presidente Figueiredo,27175,30668,3493
766,SP,Itapira,68537,72022,3485
767,BA,Sobradinho,22000,25475,3475
768,PE,Brejo da Madre de Deus,45180,48648,3468
769,MG,Carmo do Cajuru,20012,23479,3467
770,PI,União,42654,46119,3465
771,SP,Pirassununga,70081,73545,3464
772,CE,São Benedito,44178,47640,3462
773,MG,Ouro Branco,35268,38724,3456
774,BA,Itaberaba,61631,65073,3442
775,SP,Socorro,36686,40122,3436
776,SP,Cordeirópolis,21080,24514,3434
777,AL,Maragogi,28749,32174,3425
778,GO,Alto Paraíso de Goiás,6885,10306,3421
779,PR,Santa Terezinha de Itaipu,20841,24262,3421
780,PR,Cruzeiro do Oeste,20416,23831,3415
781,PR,Ibiporã,48198,51603,3405
782,TO,Colinas do Tocantins,30838,34233,3395
783,BA,Itacaré,24318,27704,3386
784,ES,Venda Nova do Imigrante,20447,23831,3384
785,ES,Presidente Kennedy,10314,13696,3382
786,ES,Marechal Floriano,14262,17641,3379
787,SC,Sombrio,26613,29991,3378
788,GO,Indiara,13687,17061,3374
789,BA,Formosa do Rio Preto,22528,25899,3371
790,MG,Perdigão,8912,12268,3356
791,PR,São Miguel do Iguaçu,25769,29122,3353
792,GO,Jaraguá,41870,45223,3353
793,SP,Lins,71432,74779,3347
794,MG,Muriaé,100765,104108,3343
795,BA,Jacobina,79247,82590,3343
796,MG,Engenheiro Caldas,10280,13622,3342
797,SP,Santa Bárbara d'Oeste,180009,183347,3338
798,SP,Pederneiras,41497,44827,3330
799,RS,São Leopoldo,214087,217409,3322
800,RS,Arroio do Sal,7740,11057,3317
801,AC,Sena Madureira,38029,41343,3314
802,PE,Camaragibe,144466,147771,3305
803,RR,Mucajaí,14792,18095,3303
804,CE,Limoeiro do Norte,56264,59560,3296
805,MG,Andradas,37270,40553,3283
806,GO,Goianápolis,10695,13967,3272
807,MG,Jaboticatubas,17134,20406,3272
808,MS,Itaporã,20865,24137,3272
809,RJ,Arraial do Cabo,27715,30986,3271
810,RN,Açu,53227,56496,3269
811,RS,Santo Antônio da Patrulha,39685,42947,3262
812,RJ,Paty do Alferes,26359,29619,3260
813,BA,Alcobaça,21271,24530,3259
814,PA,Anajás,24759,28011,3252
815,PR,Contenda,15891,19128,3237
816,GO,Bom Jesus de Goiás,20727,23958,3231
817,AL,Delmiro Gouveia,48096,51318,3222
818,PI,Esperantina,37767,40970,3203
819,PR,Carlópolis,13706,16905,3199
820,GO,Alexânia,23814,27008,3194
821,PR,Vitorino,6513,9706,3193
822,MS,Bataguassu,19839,23031,3192
823,PR,Ubiratã,21558,24749,3191
824,RS,Arroio do Meio,18783,21958,3175
825,GO,Goiatuba,32492,35664,3172
826,SP,Penápolis,58510,61679,3169
827,SP,Agudos,34524,37680,3156
828,GO,Silvânia,19089,22245,3156
829,RS,Portão,30920,34071,3151
830,MG,São Lourenço,41657,44798,3141
831,RS,Dois Irmãos,27572,30709,3137
832,SC,Joaçaba,27020,30146,3126
833,MG,Formiga,65128,68248,3120
834,AM,Silves,8444,11559,3115
835,MG,Sabará,126269,129380,3111
836,RS,Ivoti,19874,22983,3109
837,CE,Russas,69833,72928,3095
838,PI,Barras,44850,47938,3088
839,SC,Jaguaruna,17290,20375,3085
840,PR,Tijucas do Sul,14537,17621,3084
841,PI,Demerval Lobão,13278,16352,3074
842,PA,Melgaço,24808,27881,3073
843,SP,Valentim Gentil,11036,14098,3062
844,AM,Fonte Boa,22817,25871,3054
845,MG,Cambuí,26488,29536,3048
846,SP,Potirendaba,15449,18496,3047
847,PR,Irati,56207,59250,3043
848,CE,Icapuí,18392,21433,3041
849,MG,Itatiaiuçu,9928,12966,3038
850,SP,Piratininga,12072,15108,3036
851,ES,Nova Venécia,46031,49065,3034
852,PE,Bezerros,58668,61694,3026
853,ES,Ibatiba,22366,25380,3014
854,AC,Feijó,32412,35426,3014
855,MG,São Sebastião do Oeste,5805,8815,3010
856,BA,Maracás,24613,27620,3007
857,SC,São Lourenço do Oeste,21792,24791,2999
858,MT,São Félix do Araguaia,10625,13621,2996
859,RR,Bonfim,10943,13923,2980
860,MS,Nova Andradina,45585,48563,2978
861,PR,Imbaú,11274,14249,2975
862,SP,Catanduva,112820,115791,2971
863,AM,Carauari,25774,28742,2968
864,SC,Caçador,70762,73720,2958
865,PE,Lajedo,36628,39582,2954
866,PA,Vigia,47889,50832,2943
867,CE,Amontada,39232,42156,2924
868,MT,Jaciara,25647,28569,2922
869,BA,Santa Cruz Cabrália,26264,29185,2921
870,PR,Realeza,16338,19247,2909
871,AM,Itamarati,8038,10937,2899
872,RO,Nova Mamoré,22546,25444,2898
873,PR,Jaguapitã,12225,15122,2897
874,PA,Óbidos,49333,52229,2896
875,RN,Guamaré,12404,15295,2891
876,MG,Monte Sião,21203,24089,2886
877,MG,Santa Rita do Sapucaí,37754,40635,2881
878,SP,Conchal,25229,28101,2872
879,AC,Marechal Thaumaturgo,14227,17093,2866
880,SE,Tobias Barreto,48040,50905,2865
881,RS,Nova Prata,22830,25692,2862
882,RS,Vacaria,61342,64197,2855
883,PE,Tamandaré,20715,23561,2846
884,PR,Santa Tereza do Oeste,10332,13174,2842
885,MG,Santa Vitória,18138,20973,2835
886,MT,Alto Taquari,8072,10904,2832
887,CE,Barreira,19573,22392,2819
888,BA,Ourolândia,16425,19243,2818
889,RS,Venâncio Aires,65946,68763,2817
890,RS,Campo Bom,60074,62886,2812
891,RN,Serra do Mel,10287,13091,2804
892,MG,Sacramento,23896,26670,2774
893,RJ,Bom Jardim,25333,28102,2769
894,GO,Bonfinópolis,7536,10296,2760
895,TO,São Miguel do Tocantins,10481,13241,2760
896,AL,Craíbas,22641,25397,2756
897,PI,Baixa Grande do Ribeiro,10516,13272,2756
898,MG,Jacutinga,22772,25525,2753
899,MG,Perdizes,14404,17151,2747
900,BA,Ibirapitanga,22598,25344,2746
901,PA,São Sebastião da Boa Vista,22904,25643,2739
902,RN,Pau dos Ferros,27745,30479,2734
903,RN,Baraúna,24182,26913,2731
904,RS,Vera Cruz,23983,26710,2727
905,PR,Sabáudia,6096,8822,2726
906,PA,Gurupá,29062,31786,2724
907,RS,Pinto Bandeira,0,2723,2723
908,PA,Afuá,35042,37765,2723
909,SP,Santa Isabel,50453,53174,2721
910,MG,Três Corações,72765,75485,2720
911,MG,Mário Campos,13192,15900,2708
912,RS,Serafina Corrêa,14253,16961,2708
913,PA,Bom Jesus do Tocantins,15298,18005,2707
914,MT,Alto Garças,10350,13052,2702
915,MT,Ipiranga do Norte,5123,7815,2692
916,GO,Santo Antônio de Goiás,4703,7386,2683
917,MG,Teófilo Otoni,134745,137418,2673
918,MA,Buriti,27013,29685,2672
919,RJ,Cachoeiras de Macacu,54273,56943,2670
920,CE,Frecheirinha,12991,15657,2666
921,ES,Sooretama,23843,26502,2659
922,PE,Ilha de Itamaracá,21884,24540,2656
923,MG,Rio Paranaíba,11885,14532,2647
924,AC,Jordão,6577,9222,2645
925,AM,Apuí,18007,20647,2640
926,SP,Pirapora do Bom Jesus,15733,18370,2637
927,PB,Pedras de Fogo,27032,29662,2630
928,GO,Itapaci,18458,21087,2629
929,SC,Lontras,10244,12873,2629
930,BA,Serra Preta,15401,17996,2595
931,SP,Santo Antônio de Posse,20650,23244,2594
932,PR,Morretes,15718,18309,2591
933,MG,Santa Bárbara,27876,30466,2590
934,BA,Serra do Ramalho,31638,34222,2584
935,BA,Campo Alegre de Lourdes,28090,30671,2581
936,MT,Vera,10235,12800,2565
937,RJ,Queimados,137962,140523,2561
938,MA,Apicum-Açu,14959,17519,2560
939,SE,Poço Redondo,30880,33439,2559
940,RR,Caracaraí,18398,20957,2559
941,CE,Missão Velha,34274,36822,2548
942,SC,Capinzal,20769,23314,2545
943,RR,Caroebe,8114,10656,2542
944,MG,Prata,25802,28342,2540
945,AM,Uarini,11891,14431,2540
946,MA,Paulino Neves,14519,17056,2537
947,PR,Jaguariaíva,32606,35141,2535
948,BA,Rodelas,7775,10308,2533
949,SC,Ibirama,17330,19862,2532
950,RO,Candeias do Jamari,19779,22310,2531
951,PE,São João,21312,23837,2525
952,PI,Oeiras,35640,38161,2521
953,SP,Santa Cruz do Rio Pardo,43921,46442,2521
954,MA,Governador Edison Lobão,15895,18411,2516
955,TO,Pedro Afonso,11539,14055,2516
956,SC,São Ludgero,10993,13509,2516
957,PE,Tupanatinga,24425,26937,2512
958,CE,Massapê,35191,37697,2506
959,AM,Eirunepé,30665,33170,2505
960,MA,Açailândia,104047,106550,2503
961,BA,Pilão Arcado,32860,35357,2497
962,RS,São Sebastião do Caí,21932,24428,2496
963,AM,Caapiranga,10975,13469,2494
964,SP,Ribeirão Pires,113068,115559,2491
965,PB,Patos,100674,103165,2491
966,SC,Massaranduba,14674,17162,2488
967,AL,Paripueira,11347,13835,2488
968,RS,Carazinho,59317,61804,2487
969,SC,Sangão,10400,12882,2482
970,CE,Fortim,14817,17294,2477
971,PR,Itaipulândia,9026,11485,2459
972,SP,Jaú,131040,133497,2457
973,RS,Guaporé,22814,25268,2454
974,RS,Encantado,20510,22962,2452
975,MA,Santa Helena,39110,41561,2451
976,SC,Treze Tílias,6341,8787,2446
977,PA,Aveiro,15849,18290,2441
978,SP,Itajobi,14556,16989,2433
979,PR,Piên,11236,13655,2419
980,MG,Itajubá,90658,93073,2415
981,CE,Pentecoste,35400,37813,2413
982,SC,Morro da Fumaça,16126,18537,2411
983,RJ,Seropédica,78186,80596,2410
984,GO,Vianópolis,12548,14956,2408
985,MG,Delta,8089,10494,2405
986,BA,Belo Campo,16021,18412,2391
987,CE,Forquilha,21786,24173,2387
988,BA,Cairu,15374,17761,2387
989,BA,Mata de São João,40183,42566,2383
990,SC,Mafra,52912,55286,2374
991,MA,Porto Franco,21530,23903,2373
992,PR,Matelândia,16078,18450,2372
993,SC,Paulo Lopes,6692,9063,2371
994,AM,Novo Aripuanã,21451,23818,2367
995,BA,Jaguarari,30343,32703,2360
996,MT,Gaúcha do Norte,6293,8642,2349
997,RN,Monte Alegre,20685,23031,2346
998,MG,Barão de Cocais,28442,30778,2336
999,MG,Araporã,6144,8479,2335
1000,PR,Nova Prata do Iguaçu,10377,12699,2322
1001,SP,Lorena,82537,84855,2318
1002,SP,Brotas,21580,23898,2318
1003,MS,Água Clara,14424,16741,2317
1004,SC,Pouso Redondo,14810,17123,2313
1005,PR,Bocaiúva do Sul,10987,13299,2312
1006,MT,Nova Ubiratã,9218,11530,2312
1007,PR,Ampére,17308,19620,2312
1008,MT,Pedra Preta,15755,18066,2311
1009,MA,São Pedro da Água Branca,12028,14338,2310
1010,MG,Ervália,17946,20255,2309
1011,BA,João Dourado,22549,24854,2305
1012,SC,Capivari de Baixo,21674,23975,2301
1013,SP,Ipiguá,4463,6761,2298
1014,PR,União da Vitória,52735,55033,2298
1015,SP,Bom Jesus dos Perdões,19708,22006,2298
1016,SC,Curitibanos,37748,40045,2297
1017,PB,Mamanguape,42303,44599,2296
1018,MA,Palmeirândia,18764,21059,2295
1019,BA,Wenceslau Guimarães,22189,24474,2285
1020,MT,Vila Bela da Santíssima Trindade,14493,16774,2281
1021,RS,Ibirubá,19310,21583,2273
1022,SC,Orleans,21393,23661,2268
1023,MT,Itanhangá,5276,7539,2263
1024,SC,Canoinhas,52765,55016,2251
1025,PE,Caetés,26577,28827,2250
1026,SP,Matão,76786,79033,2247
1027,MG,Pirapora,53368,55606,2238
1028,PI,Luís Correia,28406,30641,2235
1029,MA,Carutapera,22006,24238,2232
1030,PE,São José do Belmonte,32617,34843,2226
1031,PR,Cambira,7236,9460,2224
1032,SC,Canelinha,10603,12821,2218
1033,SP,Dracena,43258,45474,2216
1034,MS,Ribas do Rio Pardo,20946,23150,2204
1035,MG,Capitólio,8183,10380,2197
1036,BA,Ponto Novo,15742,17938,2196
1037,PI,Nazária,8068,10262,2194
1038,MG,Bom Repouso,10457,12649,2192
1039,RS,Capão do Leão,24298,26487,2189
1040,ES,Castelo,34747,36930,2183
1041,MG,Espírito Santo do Dourado,4429,6611,2182
1042,BA,Sítio do Quinto,12592,14773,2181
1043,SP,Amparo,65829,68008,2179
1044,PA,Vitória do Xingu,13431,15607,2176
1045,PI,Cocal,26036,28212,2176
1046,CE,Paraipaba,30041,32216,2175
1047,BA,Amargosa,34351,36521,2170
1048,AM,Tonantins,17079,19247,2168
1049,CE,Camocim,60158,62326,2168
1050,PB,Guarabira,55326,57484,2158
1051,AC,Xapuri,16091,18243,2152
1052,RJ,Quissamã,20242,22393,2151
1053,MS,Mundo Novo,17043,19193,2150
1054,SE,Canindé de São Francisco,24686,26834,2148
1055,BA,São Félix do Coribe,13048,15194,2146
1056,AL,Barra de Santo Antônio,14230,16365,2135
1057,MG,Taiobeiras,30917,33050,2133
1058,RJ,Itatiaia,28783,30908,2125
1059,SP,Porangaba,8326,10451,2125
1060,MG,Caratinga,85239,87360,2121
1061,SP,Pinhalzinho,13105,15224,2119
1062,MT,Juara,32791,34906,2115
1063,BA,Piatã,17982,20086,2104
1064,GO,Orizona,14300,16399,2099
1065,PR,Balsa Nova,11300,13395,2095
1066,SP,São Lourenço da Serra,13973,16067,2094
1067,RR,São João da Baliza,6769,8858,2089
1068,SC,Cocal do Sul,15159,17240,2081
1069,PR,Santa Helena,23413,25492,2079
1070,AP,Pedra Branca do Amapari,10772,12847,2075
1071,MG,São Gonçalo do Rio Abaixo,9777,11850,2073
1072,BA,Bom Jesus da Lapa,63480,65550,2070
1073,AL,Pilar,33305,35370,2065
1074,SP,Taquarituba,22291,24350,2059
1075,AM,Ipixuna,22254,24311,2057
1076,CE,Morrinhos,20700,22753,2053
1077,SP,São Joaquim da Barra,46512,48558,2046
1078,MA,Bacabeira,14925,16966,2041
1079,AC,Santa Rosa do Purus,4691,6723,2032
1080,AC,Assis Brasil,6072,8100,2028
1081,PR,Loanda,21201,23225,2024
1082,GO,Santa Helena de Goiás,36469,38492,2023
1083,SP,Guariba,35486,37498,2012
1084,BA,Curaçá,32168,34180,2012
1085,PR,Marmeleiro,13900,15901,2001
1086,SP,Tarumã,12885,14882,1997
1087,MA,Maracaçumé,19155,21149,1994
1088,MT,Nova Bandeirantes,11643,13635,1992
1089,CE,Porteiras,15061,17050,1989
1090,ES,Irupi,11723,13710,1987
1091,SP,Santa Gertrudes,21634,23611,1977
1092,PA,Viseu,56716,58692,1976
1093,SP,Itapeva,87753,89728,1975
1094,SP,Castilho,18003,19977,1974
1095,PE,Lagoa do Carro,16007,17981,1974
1096,MT,Bom Jesus do Araguaia,5314,7280,1966
1097,PR,Agudos do Sul,8270,10233,1963
1098,GO,Porangatu,42355,44317,1962
1099,RS,Não-Me-Toque,15936,17898,1962
1100,RS,Sant'Ana do Livramento,82464,84421,1957
1101,SP,Jaci,5657,7613,1956
1102,PR,Capanema,18526,20481,1955
1103,PI,Valença do Piauí,20326,22279,1953
1104,AM,Itapiranga,8211,10162,1951
1105,SP,Morungaba,11769,13720,1951
1106,BA,Mucuri,36026,37977,1951
1107,GO,Montividiu,10572,12521,1949
1108,RN,Touros,31089,33035,1946
1109,MA,Viana,49496,51442,1946
1110,MG,Turmalina,18055,20000,1945
1111,MG,Pompéu,29105,31047,1942
1112,MA,Mata Roma,15150,17090,1940
1113,RJ,Miguel Pereira,24642,26582,1940
1114,RS,Candiota,8771,10710,1939
1115,SP,Iracemápolis,20029,21967,1938
1116,MA,Belágua,6524,8460,1936
1117,MA,Riachão,20209,22145,1936
1118,BA,Palmeiras,8410,10339,1929
1119,SC,Laurentino,6004,7932,1928
1120,SP,Batatais,56476,58402,1926
1121,SP,Elias Fausto,15775,17699,1924
1122,MG,Monte Carmelo,45772,47692,1920
1123,SP,Canitar,4369,6283,1914
1124,MS,Ladário,19617,21522,1905
1125,PB,Catolé do Rocha,28759,30661,1902
1126,MT,Peixoto de Azevedo,30812,32714,1902
1127,PR,Nova Aurora,11866,13765,1899
1128,CE,Bela Cruz,30878,32775,1897
1129,CE,Baturité,33321,35218,1897
1130,MG,Prudente de Morais,9573,11466,1893
1131,SP,Ouroeste,8405,10294,1889
1132,BA,Santa Bárbara,19064,20952,1888
1133,MA,Fortuna,15098,16976,1878
1134,RS,Palmares do Sul,10969,12844,1875
1135,SP,Guaíra,37404,39279,1875
1136,PI,São João do Piauí,19548,21421,1873
1137,PI,Corrente,25407,27278,1871
1138,PA,Curuá,12254,14117,1863
1139,AM,Nhamundá,18278,20136,1858
1140,MS,Selvíria,6287,8142,1855
1141,PE,São Caitano,35274,37126,1852
1142,PE,Pedra,20944,22795,1851
1143,ES,Barra de São Francisco,40649,42498,1849
1144,MG,Juruaia,9238,11084,1846
1145,MG,Ubá,101519,103365,1846
1146,MA,Caxias,155129,156973,1844
1147,BA,Gandu,30336,32178,1842
1148,SP,Taguaí,10828,12669,1841
1149,GO,Campo Limpo de Goiás,6241,8081,1840
1150,SC,Rodeio,10922,12757,1835
1151,PE,Tacaratu,22068,23902,1834
1152,PA,Terra Santa,16949,18782,1833
1153,PB,Lagoa Seca,25900,27730,1830
1154,RJ,São José do Vale do Rio Preto,20251,22080,1829
1155,SP,Rio das Pedras,29501,31328,1827
1156,MA,Davinópolis,12579,14404,1825
1157,MG,Diamantina,45880,47702,1822
1158,PR,Itapejara d'Oeste,10531,12344,1813
1159,AC,Porto Acre,14880,16693,1813
1160,SP,Angatuba,22210,24022,1812
1161,SP,Nazaré Paulista,16414,18217,1803
1162,SC,Gravatal,10635,12435,1800
1163,MG,Limeira do Oeste,6890,8687,1797
1164,MG,Rodeiro,6867,8664,1797
1165,PI,Simplício Mendes,12077,13870,1793
1166,SP,Buritama,15418,17210,1792
1167,PR,Terra Boa,15776,17568,1792
1168,MG,Nova Ponte,12812,14598,1786
1169,MG,Capim Branco,8881,10663,1782
1170,PA,Belterra,16318,18099,1781
1171,AM,Alvarães,14088,15866,1778
1172,SP,Igaratá,8831,10605,1774
1173,RS,Trindade do Sul,5787,7556,1769
1174,RS,Rolante,19485,21253,1768
1175,SE,Itabaianinha,38910,40678,1768
1176,BA,Barra,49325,51092,1767
1177,SP,Jales,47012,48776,1764
1178,BA,Barra do Choça,34788,36539,1751
1179,SC,Itaiópolis,20301,22051,1750
1180,ES,Rio Bananal,17530,19274,1744
1181,MG,Lagoa Formosa,17161,18904,1743
1182,BA,Cruz das Almas,58606,60348,1742
1183,RS,Nova Hartz,18346,20088,1742
1184,MT,Cáceres,87942,89681,1739
1185,SC,Santa Rosa do Sul,8054,9792,1738
1186,GO,Ouvidor,5467,7200,1733
1187,PR,Palmeira,32123,33855,1732
1188,SP,Novo Horizonte,36593,38324,1731
1189,SP,Taquarivaí,5151,6876,1725
1190,SP,Junqueirópolis,18726,20448,1722
1191,PR,Douradina,7445,9161,1716
1192,MG,Iapu,10315,12030,1715
1193,MA,Nina Rodrigues,12464,14176,1712
1194,SP,Vargem,8801,10512,1711
1195,RS,Triunfo,25793,27498,1705
1196,MA,Barra do Corda,82830,84532,1702
1197,PR,Francisco Alves,6418,8116,1698
1198,RN,Tibau,3687,5382,1695
1199,SP,Buri,18563,20250,1687
1200,PR,Ribeirão Claro,10678,12364,1686
1201,SP,Cristais Paulista,7588,9272,1684
1202,SC,Seara,16936,18620,1684
1203,TO,Sítio Novo do Tocantins,9148,10830,1682
1204,GO,Flores de Goiás,12066,13744,1678
1205,PR,Pérola,10208,11878,1670
1206,PE,Petrolândia,32492,34161,1669
1207,SC,Agrolândia,9323,10990,1667
1208,SC,São João do Sul,7002,8668,1666
1209,SP,Valparaíso,22576,24241,1665
1210,MA,Santa Luzia do Paruá,22644,24307,1663
1211,PA,Curionópolis,18288,19950,1662
1212,PR,Santo Antônio da Platina,42707,44369,1662
1213,GO,Barro Alto,8716,10371,1655
1214,SP,Regente Feijó,18494,20145,1651
1215,SP,Pacaembu,13226,14877,1651
1216,MT,Brasnorte,15357,17004,1647
1217,RS,Nonoai,12074,13719,1645
1218,GO,Rialma,10523,12165,1642
1219,MA,Jenipapo dos Vieiras,15440,17076,1636
1220,SP,Iaras,6376,8010,1634
1221,MA,Fernando Falcão,9241,10873,1632
1222,BA,Remanso,38957,40586,1629
1223,PE,Jupi,13705,15329,1624
1224,SC,Três Barras,18129,19746,1617
1225,SP,Paulicéia,6339,7955,1616
1226,AP,Calçoene,9000,10612,1612
1227,PB,Rio Tinto,22976,24581,1605
1228,MT,Diamantino,20341,21941,1600
1229,PA,Santa Maria do Pará,23026,24624,1598
1230,BA,Retirolândia,12055,13651,1596
1231,MG,Campo Florido,6870,8466,1596
1232,AC,Capixaba,8798,10392,1594
1233,ES,Baixo Guandu,29081,30674,1593
1234,BA,Mucugê,10545,12137,1592
1235,MG,São João do Paraíso,22319,23910,1591
1236,CE,Irauçuba,22324,23915,1591
1237,SP,Cravinhos,31691,33281,1590
1238,RN,Lagoa Nova,13983,15573,1590
1239,MG,Almenara,38775,40364,1589
1240,MA,Pedro do Rosário,22732,24320,1588
1241,SP,Paranapanema,17808,19395,1587
1242,SP,Tupi Paulista,14269,15854,1585
1243,BA,Uruçuca,19837,21420,1583
1244,PR,Coronel Vivida,21749,23331,1582
1245,RJ,Pinheiral,22719,24298,1579
1246,SP,Águas de Santa Bárbara,5601,7177,1576
1247,TO,Guaraí,23200,24775,1575
1248,MS,Fátima do Sul,19035,20609,1574
1249,MG,Divino,19133,20706,1573
1250,SP,Pardinho,5582,7153,1571
1251,CE,Iguatu,96495,98064,1569
1252,GO,Alto Horizonte,4505,6072,1567
1253,RS,Sarandi,21285,22851,1566
1254,MG,Igaratinga,9264,10830,1566
1255,RS,Estrela,30619,32183,1564
1256,MG,Delfinópolis,6830,8393,1563
1257,AC,Porto Walter,9176,10735,1559
1258,SP,Pedreira,41558,43112,1554
1259,RN,São Miguel do Gostoso,8670,10221,1551
1260,MG,Chapada Gaúcha,10805,12355,1550
1261,MT,Alto Araguaia,15644,17193,1549
1262,AM,São Paulo de Olivença,31422,32967,1545
1263,PA,Ourém,16311,17855,1544
1264,MS,Angélica,9185,10729,1544
1265,MG,Paraopeba,22563,24107,1544
1266,MG,João Pinheiro,45260,46801,1541
1267,SP,Nova Independência,3068,4609,1541
1268,MT,Pontal do Araguaia,5395,6932,1537
1269,AM,Urucará,17094,18631,1537
1270,SC,Nova Trento,12190,13727,1537
1271,PR,Perobal,5653,7189,1536
1272,PR,Salto do Lontra,13689,15223,1534
1273,TO,Augustinópolis,15950,17484,1534
1274,AM,Japurá,7326,8858,1532
1275,BA,Salinas da Margarida,13456,14987,1531
1276,CE,Itatira,18894,20424,1530
1277,MS,Deodápolis,12139,13663,1524
1278,SP,Mendonça,4640,6159,1519
1279,RN,Santa Cruz,35797,37313,1516
1280,SP,Patrocínio Paulista,13000,14512,1512
1281,ES,Guaçuí,27851,29358,1507
1282,SP,Cosmorama,7214,8719,1505
1283,PR,Jesuítas,9001,10506,1505
1284,SP,Capivari,48576,50068,1492
1285,SP,Serra Azul,11256,12746,1490
1286,CE,Guaramiranga,4164,5654,1490
1287,PA,Colares,11381,12868,1487
1288,SP,Itapuí,12173,13659,1486
1289,MT,Mirassol d'Oeste,25299,26785,1486
1290,AC,Acrelândia,12538,14021,1483
1291,SE,Umbaúba,22434,23917,1483
1292,MG,Guaxupé,49430,50911,1481
1293,MG,Paraguaçu,20245,21723,1478
1294,PE,Riacho das Almas,19162,20639,1477
1295,GO,Abadiânia,15757,17232,1475
1296,BA,Cipó,15755,17230,1475
1297,SP,Monte Alegre do Sul,7152,8627,1475
1298,MG,Itaguara,12372,13846,1474
1299,SP,Cachoeira Paulista,30091,31564,1473
1300,PR,Paraíso do Norte,11772,13245,1473
1301,RS,Três Passos,23965,25436,1471
1302,PR,Imbituva,28455,29924,1469
1303,AL,Japaratinga,7754,9219,1465
1304,CE,Meruoca,13693,15157,1464
1305,CE,Quixeré,19412,20874,1462
1306,MG,Muzambinho,20430,21891,1461
1307,PB,Sousa,65803,67259,1456
1308,MG,Simonésia,18298,19750,1452
1309,MG,Toledo,5764,7214,1450
1310,PR,Laranjeiras do Sul,30777,32227,1450
1311,CE,Tabuleiro do Norte,29204,30652,1448
1312,MG,Florestal,6600,8045,1445
1313,SP,Ibaté,30734,32178,1444
1314,GO,Buriti Alegre,9054,10495,1441
1315,MG,São Sebastião da Bela Vista,4948,6387,1439
1316,SP,Bálsamo,8160,9596,1436
1317,MA,Cândido Mendes,18505,19932,1427
1318,SP,Narandiba,4288,5713,1425
1319,PB,Monteiro,30852,32277,1425
1320,MA,Igarapé do Meio,12550,13974,1424
1321,MG,Piedade de Caratinga,7110,8529,1419
1322,RJ,São Fidélis,37543,38961,1418
1323,SC,Corupá,13852,15267,1415
1324,MG,Confins,5936,7350,1414
1325,SC,Maracajá,6404,7815,1411
1326,PB,Mogeiro,12491,13899,1408
1327,PR,Chopinzinho,19679,21085,1406
1328,RS,Feliz,12359,13764,1405
1329,SE,Campo do Brito,16749,18149,1400
1330,GO,Campinorte,11111,12510,1399
1331,GO,Vicentinópolis,7371,8768,1397
1332,CE,Miraíma,12800,14196,1396
1333,MG,Três Pontas,53860,55255,1395
1334,PR,Guaíra,30704,32097,1393
1335,MG,Martinho Campos,12611,14003,1392
1336,SP,Mococa,66290,67681,1391
1337,AL,Feira Grande,21321,22712,1391
1338,PB,Marcação,7609,8999,1390
1339,BA,Queimadas,24602,25988,1386
1340,TO,Praia Norte,7659,9044,1385
1341,PB,Itapororoca,16997,18382,1385
1342,MG,Santa Margarida,15011,16395,1384
1343,GO,Terezópolis de Goiás,6561,7944,1383
1344,RN,São Miguel,22157,23537,1380
1345,BA,Presidente Dutra,13750,15130,1380
1346,MT,Porto Alegre do Norte,10748,12127,1379
1347,BA,Sapeaçu,16585,17963,1378
1348,MG,Bocaiúva,46654,48032,1378
1349,RJ,Teresópolis,163746,165123,1377
1350,SP,Três Fronteiras,5427,6804,1377
1351,MG,Pitangui,25311,26685,1374
1352,MG,São Gonçalo do Pará,10398,11770,1372
1353,PB,Capim,5601,6970,1369
1354,GO,Campo Alegre de Goiás,6060,7422,1362
1355,PR,Terra Roxa,16759,18119,1360
1356,MA,São Pedro dos Crentes,4425,5783,1358
1357,BA,Sítio do Mato,12050,13408,1358
1358,RN,Serra Caiada,8768,10125,1357
1359,PB,São Bento,30879,32235,1356
1360,PR,Iguaraçu,3982,5338,1356
1361,RS,São Francisco de Paula,20537,21893,1356
1362,PB,Puxinanã,12923,14277,1354
1363,RS,Bom Princípio,11789,13142,1353
1364,AM,Amaturá,9467,10819,1352
1365,GO,Nova Veneza,8129,9481,1352
1366,MG,Ipanema,18170,19522,1352
1367,MG,Coromandel,27547,28894,1347
1368,GO,Mozarlândia,13404,14750,1346
1369,SP,Sarapuí,9027,10369,1342
1370,SP,Bebedouro,75035,76373,1338
1371,AP,Itaubal,4265,5599,1334
1372,PI,Murici dos Portelas,8464,9797,1333
1373,MG,Boa Esperança,38516,39848,1332
1374,PB,Alagoa Nova,19681,21013,1332
1375,MT,Nossa Senhora do Livramento,11609,12940,1331
1376,MS,Bandeirantes,6609,7940,1331
1377,RN,Apodi,34763,36093,1330
1378,SP,Dumont,8143,9471,1328
1379,PE,Lagoa Grande,22760,24088,1328
1380,BA,Mansidão,12592,13919,1327
1381,PA,São Miguel do Guamá,51567,52894,1327
1382,RR,Iracema,8696,10023,1327
1383,GO,Ceres,20722,22046,1324
1384,SP,Fartura,15320,16641,1321
1385,CE,Mauriti,44240,45561,1321
1386,MG,Santo Antônio do Monte,25975,27295,1320
1387,AL,São Miguel dos Milagres,7163,8482,1319
1388,MG,Araújos,7883,9199,1316
1389,MG,Águas Vermelhas,12722,14037,1315
1390,PE,Águas Belas,40235,41548,1313
1391,MG,São João das Missões,11715,13024,1309
1392,PR,Quitandinha,17089,18398,1309
1393,GO,Crixás,15760,17065,1305
1394,BA,Itambé,23089,24394,1305
1395,BA,Jussara,15052,16354,1302
1396,MG,Perdões,20087,21384,1297
1397,MG,Buritis,22737,24030,1293
1398,PI,Piracuruca,27553,28846,1293
1399,MG,Santana do Riacho,4023,5313,1290
1400,MT,Santa Carmem,4085,5374,1289
1401,GO,Acreúna,20279,21568,1289
1402,AL,Santana do Ipanema,44932,46220,1288
1403,PR,São João,10599,11886,1287
1404,MA,Cachoeira Grande,8446,9732,1286
1405,PB,Bananeiras,21851,23134,1283
1406,SP,Pereiras,7454,8737,1283
1407,MG,Tupaciguara,24188,25470,1282
1408,ES,Marilândia,11107,12387,1280
1409,MG,Reduto,6569,7848,1279
1410,BA,Iraquara,22601,23879,1278
1411,AC,Senador Guiomard,20179,21454,1275
1412,PR,Tapejara,14598,15869,1271
1413,PI,Paulistana,19785,21055,1270
1414,SC,José Boiteux,4721,5985,1264
1415,ES,Iúna,27328,28590,1262
1416,RO,Pimenta Bueno,33822,35079,1257
1417,SP,Alambari,4884,6141,1257
1418,PE,Tabira,26427,27681,1254
1419,PR,Jacarezinho,39121,40375,1254
1420,MG,Ilicínea,11488,12741,1253
1421,GO,Mambaí,6871,8124,1253
1422,MG,Serra do Salitre,10549,11801,1252
1423,SP,Estiva Gerbi,10044,11295,1251
1424,SC,Saudades,9016,10265,1249
1425,SP,Porto Ferreira,51400,52649,1249
1426,CE,Chorozinho,18915,20163,1248
1427,MG,Espera Feliz,22856,24102,1246
1428,SC,Luiz Alves,10438,11684,1246
1429,MG,Divisópolis,8974,10213,1239
1430,MG,Mata Verde,7874,9112,1238
1431,RN,Florânia,8959,10196,1237
1432,PB,Massaranduba,12902,14139,1237
1433,MT,Nova Lacerda,5436,6670,1234
1434,SP,Roseira,9599,10832,1233
1435,SC,Aurora,5549,6780,1231
1436,SC,Itapiranga,15409,16638,1229
1437,MG,Lajinha,19609,20835,1226
1438,SE,Areia Branca,16857,18081,1224
1439,MG,Martins Soares,7173,8396,1223
1440,SP,Vista Alegre do Alto,6886,8109,1223
1441,SC,Papanduva,17928,19150,1222
1442,MG,Visconde do Rio Branco,37942,39160,1218
1443,MG,Caetanópolis,10218,11435,1217
1444,BA,Itatim,14522,15737,1215
1445,MG,Guimarânia,7265,8478,1213
1446,SP,Pilar do Sul,26406,27619,1213
1447,PB,Baía da Traição,8012,9224,1212
1448,SP,Altinópolis,15607,16818,1211
1449,RS,Veranópolis,22810,24021,1211
1450,SP,Tanabi,24055,25265,1210
1451,BA,Livramento de Nossa Senhora,42693,43903,1210
1452,PR,Joaquim Távora,10736,11945,1209
1453,SP,Estrela d'Oeste,8208,9417,1209
1454,BA,Correntina,31249,32457,1208
1455,MT,Ribeirão Cascalheira,8881,10089,1208
1456,AM,Pauini,18166,19373,1207
1457,SP,São Bento do Sapucaí,10468,11674,1206
1458,AL,Palmeira dos Índios,70368,71574,1206
1459,PA,Soure,23001,24204,1203
1460,PE,Venturosa,16052,17251,1199
1461,MA,São Raimundo das Mangabeiras,17474,18672,1198
1462,PE,Paranatama,11001,12199,1198
1463,SP,Mauá,417064,418261,1197
1464,SC,Águas Mornas,5548,6743,1195
1465,MG,Munhoz,6257,7451,1194
1466,BA,Jaguaripe,16467,17659,1192
1467,RS,Três de Maio,23726,24916,1190
1468,RS,Santa Clara do Sul,5697,6887,1190
1469,SC,Turvo,11854,13043,1189
1470,MS,Aquidauana,45614,46803,1189
1471,GO,Pontalina,17121,18309,1188
1472,MA,Colinas,39132,40316,1184
1473,GO,Caldazinha,3325,4507,1182
1474,CE,Salitre,15453,16633,1180
1475,BA,Piraí do Norte,9799,10974,1175
1476,SP,Itaí,24008,25180,1172
1477,MT,Nova Nazaré,3029,4200,1171
1478,MG,Rio Acima,9090,10261,1171
1479,MT,Chapada dos Guimarães,17821,18990,1169
1480,PB,Sapé,50143,51306,1163
1481,RJ,Piraí,26314,27474,1160
1482,MA,Matões,31015,32174,1159
1483,PR,Corbélia,16312,17470,1158
1484,BA,Filadélfia,16740,17897,1157
1485,BA,Souto Soares,15899,17054,1155
1486,MG,Orizânia,7284,8437,1153
1487,SC,Agronômica,4904,6055,1151
1488,RS,Sapucaia do Sul,130957,132107,1150
1489,CE,Piquet Carneiro,15467,16616,1149
1490,RS,Igrejinha,31660,32808,1148
1491,RN,Parelhas,20354,21499,1145
1492,RS,Bagé,116794,117938,1144
1493,MG,Ijaci,5859,7003,1144
1494,PE,Santa Maria da Boa Vista,39435,40578,1143
1495,CE,Nova Olinda,14256,15399,1143
1496,MA,Barão de Grajaú,17841,18984,1143
1497,BA,Santa Rita de Cássia,26250,27390,1140
1498,PA,Tracuateua,27455,28595,1140
1499,PR,Jandaia do Sul,20269,21408,1139
1500,BA,Ribeirão do Largo,8602,9740,1138
1501,BA,Madre de Deus,17376,18504,1128
1502,SC,São Joaquim,24812,25939,1127
1503,MA,Junco do Maranhão,4020,5146,1126
1504,RS,Harmonia,4254,5378,1124
1505,PI,Água Branca,16451,17573,1122
1506,PB,Pilar,11191,12311,1120
1507,PA,Pacajá,39979,41097,1118
1508,MG,Serro,20835,21952,1117
1509,MG,Elói Mendes,25220,26336,1116
1510,SP,Colina,17371,18486,1115
1511,MG,São Gonçalo do Abaeté,6264,7375,1111
1512,PR,São Mateus do Sul,41257,42366,1109
1513,SP,Biritiba Mirim,28575,29683,1108
1514,PB,Sumé,16060,17166,1106
1515,RS,Tupandi,3924,5029,1105
1516,MG,Piranguinho,8016,9120,1104
1517,SP,Saltinho,7059,8161,1102
1518,SP,Taiúva,5447,6548,1101
1519,PE,Agrestina,22679,23779,1100
1520,CE,Marco,24703,25799,1096
1521,MS,Antônio João,8208,9303,1095
1522,PR,Ouro Verde do Oeste,5692,6785,1093
1523,MG,Belo Vale,7536,8627,1091
1524,MG,Astolfo Dutra,13049,14138,1089
1525,PE,Afrânio,17586,18674,1088
1526,PE,Araçoiaba,18156,19243,1087
1527,SC,Armazém,7753,8834,1081
1528,PR,Saudade do Iguaçu,5028,6108,1080
1529,PE,Cachoeirinha,18819,19899,1080
1530,SP,Pedro de Toledo,10204,11281,1077
1531,SC,São Pedro de Alcântara,4704,5776,1072
1532,SC,São Cristóvão do Sul,5012,6084,1072
1533,MG,Lima Duarte,16149,17221,1072
1534,PR,Manoel Ribas,13169,14240,1071
1535,PE,Limoeiro,55439,56510,1071
1536,SC,Alfredo Wagner,9410,10481,1071
1537,ES,Brejetuba,11915,12985,1070
1538,MG,Paraisópolis,19379,20445,1066
1539,PR,Araruna,13419,14485,1066
1540,MA,Tasso Fragoso,7796,8862,1066
1541,RN,João Câmara,32227,33290,1063
1542,MG,Itanhandu,14175,15236,1061
1543,SP,Bastos,20445,21503,1058
1544,PR,Quatiguá,7045,8099,1054
1545,RS,Seberi,10897,11950,1053
1546,ES,Montanha,17849,18900,1051
1547,SC,Taió,17260,18310,1050
1548,SP,Jambeiro,5349,6397,1048
1549,BA,Brotas de Macaúbas,10717,11765,1048
1550,SP,Joanópolis,11768,12815,1047
1551,TO,São Bento do Tocantins,4608,5654,1046
1552,MT,Campinápolis,14305,15347,1042
1553,MG,Coronel Fabriciano,103694,104736,1042
1554,AP,Porto Grande,16809,17848,1039
1555,AM,Novo Airão,14723,15761,1038
1556,CE,Milhã,13086,14123,1037
1557,TO,Tabocão,2419,3455,1036
1558,SP,Quintana,6004,7038,1034
1559,BA,Tanque Novo,16128,17158,1030
1560,SP,Urupês,12714,13744,1030
1561,SC,São João do Itaperiú,3435,4463,1028
1562,RS,Sananduva,15373,16399,1026
1563,RO,Chupinguaia,8301,9324,1023
1564,SP,Florínea,2829,3851,1022
1565,RS,Lindolfo Collor,5227,6248,1021
1566,SP,Itatinga,18052,19070,1018
1567,MG,São José da Barra,6778,7793,1015
1568,SC,Cordilheira Alta,3767,4781,1014
1569,MG,Nova Resende,15374,16387,1013
1570,PE,Tacaimbó,12725,13738,1013
1571,BA,Barrocas,14191,15203,1012
1572,PB,Santa Cecília,6658,7670,1012
1573,SC,Catanduvas,9555,10566,1011
1574,BA,Bonito,14834,15844,1010
1575,MT,General Carneiro,5027,6037,1010
1576,SP,Laranjal Paulista,25251,26261,1010
1577,MA,São Domingos do Azeitão,6983,7992,1009
1578,CE,Tururu,14408,15412,1004
1579,SC,Praia Grande,7267,8270,1003
1580,MG,São João do Manhuaçu,10245,11246,1001
1581,MG,Salinas,39178,40178,1000
1582,BA,Cocos,18153,19151,998
1583,SP,Potim,19397,20392,995
1584,RS,Arroio dos Ratos,13606,14601,995
1585,MA,Fortaleza dos Nogueiras,11646,12640,994
1586,RS,Mato Leitão,3865,4859,994
1587,BA,Tanhaçu,20013,21006,993
1588,PE,Santa Maria do Cambucá,13021,14013,992
1589,BA,Serrolândia,12344,13335,991
1590,ES,Fundão,17025,18014,989
1591,MT,Paranaíta,10684,11671,987
1592,TO,Axixá do Tocantins,9275,10262,987
1593,MG,Senador Amaral,5219,6206,987
1594,SP,Sales,5451,6437,986
1595,ES,Santa Teresa,21823,22808,985
1596,MA,Arari,28488,29472,984
1597,GO,Corumbaíba,8181,9164,983
1598,SC,Piratuba,4786,5769,983
1599,MG,Guanhães,31262,32244,982
1600,RS,São Marcos,20103,21084,981
1601,CE,Ubajara,31787,32767,980
1602,SP,Luís Antônio,11286,12265,979
1603,RJ,Paraíba do Sul,41084,42063,979
1604,MG,Tiros,6906,7883,977
1605,MG,Ubaporanga,12040,13017,977
1606,PB,Piancó,15465,16441,976
1607,SC,Otacílio Costa,16337,17312,975
1608,MG,Mutum,26661,27635,974
1609,MG,Mar de Espanha,11749,12721,972
1610,SP,Rubinéia,2862,3833,971
1611,AM,São Sebastião do Uatumã,10705,11670,965
1612,MA,Lago dos Rodrigues,7794,8758,964
1613,SP,Piraju,28475,29436,961
1614,GO,Cachoeira Alta,10553,11513,960
1615,MG,Carmópolis de Minas,17048,18003,955
1616,RS,Nova Araçá,4001,4954,953
1617,BA,Nova Viçosa,38556,39509,953
1618,PI,Castelo do Piauí,18336,19288,952
1619,PI,Lagoa do Piauí,3863,4810,947
1620,PA,Santa Luzia do Pará,19424,20370,946
1621,PR,Santa Fé,10432,11378,946
1622,SP,Cosmópolis,58827,59773,946
1623,RN,São Paulo do Potengi,15843,16786,943
1624,RS,Santo Cristo,14378,15320,942
1625,SC,Correia Pinto,14785,15727,942
1626,RS,Vale Real,5118,6058,940
1627,BA,Ibirapuã,7956,8896,940
1628,SC,Zortéa,2991,3930,939
1629,PR,Santa Izabel do Oeste,13132,14070,938
1630,RN,Pureza,8424,9362,938
1631,MG,Raposos,15342,16279,937
1632,SP,Ourinhos,103035,103970,935
1633,BA,Ichu,5255,6190,935
1634,MG,Divinésia,3293,4226,933
1635,SP,Monte Alto,46642,47574,932
1636,SC,Ipuaçu,6798,7730,932
1637,PR,Pitanga,32638,33567,929
1638,MS,Rio Verde de Mato Grosso,18890,19818,928
1639,SP,Neves Paulista,8772,9699,927
1640,SC,Iporã do Oeste,8409,9335,926
1641,SP,Uchoa,9471,10394,923
1642,SP,Presidente Bernardes,13570,14490,920
1643,RS,Palmitinho,6920,7839,919
1644,MG,Varjão de Minas,6054,6969,915
1645,RJ,Três Rios,77432,78346,914
1646,SE,Salgado,19365,20279,914
1647,MG,Matipó,17639,18552,913
1648,PE,Jucati,10604,11517,913
1649,SP,Piracaia,25116,26029,913
1650,PR,Santo Inácio,5269,6181,912
1651,PR,Pato Bragado,4822,5733,911
1652,RS,Rodeio Bonito,5743,6654,911
1653,MG,Cristais,11286,12197,911
1654,CE,Quixelô,15000,15910,910
1655,SP,Lavínia,8779,9689,910
1656,SC,Ascurra,7412,8319,907
1657,PR,Ivaiporã,31816,32720,904
1658,BA,Mulungu do Morro,12249,13152,903
1659,MG,Teixeiras,11355,12255,900
1660,PA,Pau D'Arco,6033,6931,898
1661,SC,Botuverá,4468,5363,895
1662,MA,Lagoa Grande do Maranhão,10517,11411,894
1663,SP,Adamantina,33797,34687,890
1664,PE,Ipubi,28120,29009,889
1665,RJ,Quatis,12793,13682,889
1666,GO,Nova Crixás,11927,12815,888
1667,SP,Onda Verde,3884,4771,887
1668,PE,Ouricuri,64358,65245,887
1669,BA,Ibotirama,25424,26309,885
1670,PR,Mercedes,5046,5931,885
1671,SE,Capela,30761,31645,884
1672,RS,São José dos Ausentes,3290,4172,882
1673,MG,Pirajuba,4656,5537,881
1674,SC,Nova Erechim,4275,5155,880
1675,SP,Manduri,8992,9871,879
1676,MT,Novo São Joaquim,6042,6919,877
1677,AM,Anori,16317,17194,877
1678,GO,Rubiataba,18915,19788,873
1679,PR,Maripá,5684,6555,871
1680,SP,Vargem Grande do Sul,39266,40133,867
1681,AL,Porto de Pedras,8429,9295,866
1682,ES,Santa Leopoldina,12240,13106,866
1683,AP,Ferreira Gomes,5802,6666,864
1684,PB,Sobrado,7373,8236,863
1685,CE,Uruoca,12883,13746,863
1686,GO,Leopoldo de Bulhões,7882,8745,863
1687,PE,Itaquitinga,15692,16554,862
1688,SP,Parisi,2032,2892,860
1689,MG,Lambari,19554,20414,860
1690,GO,Piracanjuba,24026,24883,857
1691,PE,Feira Nova,20571,21427,856
1692,MG,Alfredo Vasconcelos,6075,6931,856
1693,PB,Logradouro,3942,4797,855
1694,PE,Floresta,29285,30137,852
1695,PI,São João do Arraial,7336,8186,850
1696,MG,Cachoeira de Minas,11034,11883,849
1697,SP,Tuiuti,5930,6778,848
1698,AM,Envira,16338,17186,848
1699,SP,Sales Oliveira,10568,11411,843
1700,SP,Bofete,9618,10460,842
1701,PB,Cruz do Espírito Santo,16257,17095,838
1702,PB,Mataraca,7407,8244,837
1703,PR,Nova Laranjeiras,11241,12074,833
1704,SP,Bernardino de Campos,10775,11607,832
1705,MG,Funilândia,3855,4686,831
1706,PB,Caaporã,20362,21193,831
1707,PB,Lucena,11730,12560,830
1708,MS,Juti,5900,6729,829
1709,SP,Tietê,36835,37663,828
1710,PR,Mauá da Serra,8555,9383,828
1711,SP,Piedade,52143,52970,827
1712,MG,Piranguçu,5217,6041,824
1713,BA,Catolândia,2612,3434,822
1714,PB,Montadas,4990,5812,822
1715,RS,Bom Retiro do Sul,11472,12294,822
1716,RJ,Aperibé,10213,11034,821
1717,SP,Dobrada,7939,8759,820
1718,BA,Canápolis,9410,10225,815
1719,SP,Ipeúna,6016,6831,815
1720,RS,Casca,8651,9465,814
1721,PI,Cocal dos Alves,5572,6386,814
1722,GO,Ipameri,24735,25548,813
1723,MG,Morada Nova de Minas,8255,9067,812
1724,PE,Tracunhaém,13055,13867,812
1725,PR,Ortigueira,23380,24192,812
1726,MG,Bambuí,22734,23546,812
1727,MG,Brasília de Minas,31213,32025,812
1728,RS,Nova Bassano,8840,9649,809
1729,MS,Itaquiraí,18614,19423,809
1730,RS,Pareci Novo,3511,4319,808
1731,RJ,Magé,227322,228127,805
1732,BA,Varzedo,9109,9913,804
1733,GO,Aruanã,7496,8300,804
1734,SP,Nova Aliança,5891,6693,802
1735,MG,Jeceaba,5395,6197,802
1736,PA,Sapucaia,5047,5847,800
1737,CE,Redenção,26415,27214,799
1738,MS,Jaraguari,6341,7139,798
1739,RJ,Japeri,95492,96289,797
1740,MG,Brasilândia de Minas,14226,15020,794
1741,SP,Adolfo,3557,4351,794
1742,SP,Ibirá,10896,11690,794
1743,PI,Cajueiro da Praia,7163,7957,794
1744,BA,Santa Terezinha,9648,10441,793
1745,BA,Anguera,10242,11031,789
1746,BA,Governador Mangabeira,19818,20605,787
1747,SP,Teodoro Sampaio,21386,22173,787
1748,PA,Santo Antônio do Tauá,26674,27461,787
1749,SP,Pariquera-Açu,18446,19233,787
1750,MT,Santa Rita do Trivelato,2491,3276,785
1751,BA,Jacaraci,13651,14436,785
1752,RN,Encanto,5231,6016,785
1753,CE,Ipu,40296,41081,785
1754,MG,Itamonte,14003,14786,783
1755,MG,Tiradentes,6961,7744,783
1756,GO,Carmo do Rio Verde,8928,9710,782
1757,ES,Bom Jesus do Norte,9476,10254,778
1758,RS,Tenente Portela,13719,14497,778
1759,SP,Pedra Bela,5780,6557,777
1760,PR,Astorga,24698,25475,777
1761,MG,Santa Bárbara do Leste,7682,8458,776
1762,SC,Quilombo,10248,11022,774
1763,MG,Ninheira,9815,10588,773
1764,MG,Itamarandiba,32175,32948,773
1765,MT,Nova Santa Helena,3468,4239,771
1766,MA,Morros,17783,18554,771
1767,MG,Cruzília,14591,15362,771
1768,GO,Montes Claros de Goiás,7987,8756,769
1769,RS,Glorinha,6891,7658,767
1770,MG,São João Batista do Glória,6887,7652,765
1771,BA,Milagres,10306,11071,765
1772,PR,Iporã,14981,15746,765
1773,MS,Paranaíba,40192,40957,765
1774,SP,Arandu,6123,6885,762
1775,MT,Santa Cruz do Xingu,1900,2661,761
1776,MG,Planura,10384,11145,761
1777,MA,Brejo,33359,34120,761
1778,GO,Brazabrantes,3232,3992,760
1779,MT,Itiquira,11478,12236,758
1780,RN,Lagoa Salgada,7564,8319,755
1781,PA,São Domingos do Capim,29846,30599,753
1782,SP,Santo Antônio do Aracanguá,7626,8379,753
1783,SC,Campo Alegre,11748,12501,753
1784,BA,Itagi,13051,13803,752
1785,AL,Porto Real do Colégio,19334,20082,748
1786,MG,Piraúba,10862,11610,748
1787,PB,Itaporanga,23192,23940,748
1788,CE,Penaforte,8226,8972,746
1789,RS,Três Cachoeiras,10217,10962,745
1790,RN,Rafael Fernandes,4692,5432,740
1791,MA,Amapá do Maranhão,6431,7170,739
1792,MS,Dois Irmãos do Buriti,10363,11100,737
1793,RJ,Santo Antônio de Pádua,40589,41325,736
1794,MA,Pastos Bons,18067,18802,735
1795,MS,Inocência,7669,8404,735
1796,PR,Guapirama,3891,4626,735
1797,MG,Campo Belo,51544,52277,733
1798,RJ,Varre-Sai,9475,10207,732
1799,MT,Cocalinho,5490,6220,730
1800,BA,Sento Sé,37425,38154,729
1801,MG,Jequitibá,5156,5883,727
1802,RJ,Rio Bonito,55551,56276,725
1803,MT,São José do Xingu,5240,5964,724
1804,SE,Nossa Senhora Aparecida,8508,9232,724
1805,CE,Jardim,26688,27411,723
1806,GO,Porteirão,3347,4070,723
1807,TO,Tocantínia,6736,7459,723
1808,MG,Luisburgo,6234,6956,722
1809,PI,Marcolândia,7812,8533,721
1810,SC,Trombudo Central,6553,7274,721
1811,RS,Barão,5741,6461,720
1812,PR,Planalto,13654,14374,720
1813,SE,Indiaroba,15831,16549,718
1814,SP,Meridiano,3855,4572,717
1815,SC,Siderópolis,12998,13714,716
1816,PB,Cubati,6866,7580,714
1817,MG,Iraí de Minas,6467,7180,713
1818,MG,Pirapetinga,10364,11077,713
1819,BA,Cristópolis,13280,13993,713
1820,PB,Caturité,4543,5254,711
1821,PB,Boqueirão,16888,17598,710
1822,SE,Monte Alegre de Sergipe,13627,14336,709
1823,AL,Carneiros,8290,8999,709
1824,MG,Dores de Campos,9299,10007,708
1825,MG,Recreio,10299,11007,708
1826,GO,São Miguel do Passa Quatro,3757,4464,707
1827,SP,Ubirajara,4427,5132,705
1828,SP,Jeriquara,3160,3863,703
1829,MA,Milagres do Maranhão,8118,8818,700
1830,SP,Descalvado,31056,31756,700
1831,CE,Granja,52645,53344,699
1832,PR,Nova Santa Rosa,7626,8322,696
1833,ES,Jerônimo Monteiro,10879,11575,696
1834,SC,Urussanga,20223,20919,696
1835,ES,Atílio Vivácqua,9850,10540,690
1836,PA,Rio Maria,17697,18384,687
1837,GO,Marzagão,2072,2758,686
1838,MG,Matias Barbosa,13435,14121,686
1839,RO,Espigão D'Oeste,28729,29414,685
1840,CE,Santana do Acaraú,29946,30628,682
1841,CE,Groaíras,10228,10910,682
1842,MG,Crucilândia,4757,5434,677
1843,PR,Quatro Pontes,3803,4480,677
1844,MA,Capinzal do Norte,10698,11374,676
1845,PB,Triunfo,9220,9892,672
1846,PI,Nossa Senhora de Nazaré,4556,5228,672
1847,SP,Santa Albertina,5723,6393,670
1848,GO,Vila Propício,5145,5815,670
1849,SE,Estância,64409,65078,669
1850,PA,Almeirim,33614,34280,666
1851,SP,Águas de Lindóia,17266,17930,664
1852,SC,Irani,9531,10195,664
1853,RS,Sapiranga,74985,75648,663
1854,SP,São Roque,78821,79484,663
1855,SP,Martinópolis,24219,24881,662
1856,TO,Divinópolis do Tocantins,6363,7024,661
1857,PB,Sertãozinho,4395,5054,659
1858,SP,Marapoama,2633,3292,659
1859,PB,Areial,6470,7128,658
1860,MG,Estiva,10845,11502,657
1861,MG,Prados,8391,9048,657
1862,SC,Rio do Oeste,7090,7747,657
1863,SE,Frei Paulo,13874,14530,656
1864,SC,Witmarsum,3600,4255,655
1865,PI,Luzilândia,24721,25375,654
1866,SP,Pirapozinho,24694,25348,654
1867,PR,Porto Rico,2530,3182,652
1868,MG,Desterro de Entre Rios,7002,7653,651
1869,SE,Feira Nova,5324,5975,651
1870,MA,Luís Domingues,6510,7161,651
1871,BA,Ipupiara,9285,9935,650
1872,PR,Entre Rios do Oeste,3926,4575,649
1873,MG,Pedra Bonita,6673,7320,647
1874,SP,Santo Antônio do Pinhal,6486,7133,647
1875,MG,Inimutaba,6724,7371,647
1876,SE,Santa Luzia do Itanhy,12969,13616,647
1877,PE,São José da Coroa Grande,18180,18825,645
1878,TO,Aparecida do Rio Negro,4213,4856,643
1879,RS,Santo Ângelo,76275,76917,642
1880,PR,Califórnia,8069,8710,641
1881,SC,Itá,6426,7067,641
1882,PB,Serra Branca,12973,13614,641
1883,MG,Lassance,6484,7124,640
1884,SP,Colômbia,5994,6629,635
1885,BA,Medeiros Neto,21560,22194,634
1886,RS,Constantina,9752,10385,633
1887,CE,Martinópole,10214,10846,632
1888,MG,São Tiago,10561,11192,631
1889,PB,Assunção,3522,4152,630
1890,MG,Catas Altas,4846,5473,627
1891,RN,Brejinho,11577,12202,625
1892,SP,Itirapina,15524,16148,624
1893,SP,Redenção da Serra,3873,4494,621
1894,TO,Santa Fé do Araguaia,6599,7216,617
1895,PR,Tibagi,19344,19961,617
1896,MG,Bonfim,6818,7434,616
1897,MG,Abre Campo,13311,13927,616
1898,PI,Campo Largo do Piauí,6803,7419,616
1899,PI,Campo Maior,45177,45793,616
1900,RS,Barão de Cotegipe,6529,7144,615
1901,MG,Congonhal,10468,11083,615
1902,MG,Coroaci,10270,10884,614
1903,SP,Rifaina,3436,4049,613
1904,MG,Alvorada de Minas,3546,4159,613
1905,MS,Figueirão,2928,3539,611
1906,MG,Mirabela,13042,13651,609
1907,PI,Boa Hora,6296,6902,606
1908,MG,Bandeira do Sul,5338,5943,605
1909,CE,Ararendá,10491,11096,605
1910,MT,Colíder,30766,31370,604
1911,PR,Prudentópolis,48792,49393,601
1912,PA,Bannach,3431,4031,600
1913,MG,Maripá de Minas,2788,3387,599
1914,BA,Andorinha,14414,15012,598
1915,MT,Araguaiana,3197,3795,598
1916,CE,Alcântaras,10771,11369,598
1917,SC,Ipumirim,7220,7816,596
1918,PR,Japurá,8549,9144,595
1919,RS,Fazenda Vilanova,3697,4291,594
1920,MS,Tacuru,10215,10808,593
1921,RS,Presidente Lucena,2484,3077,593
1922,PR,Missal,10474,11064,590
1923,TO,Araguatins,31329,31918,589
1924,SP,São Miguel Arcanjo,31450,32039,589
1925,BA,Caldeirão Grande,12491,13080,589
1926,ES,São Domingos do Norte,8001,8589,588
1927,PB,Algodão de Jandaíra,2366,2953,587
1928,MG,Bom Jesus da Penha,3887,4474,587
1929,GO,Turvelândia,4399,4985,586
1930,RN,Upanema,12992,13577,585
1931,SC,Petrolândia,6131,6716,585
1932,TO,Lajeado,2773,3357,584
1933,MG,Caldas,13633,14217,584
1934,PA,Primavera,10268,10851,583
1935,MS,Bodoquena,7985,8567,582
1936,SE,Cristinápolis,16519,17100,581
1937,SP,Lavrinhas,6590,7171,581
1938,SC,Rio dos Cedros,10284,10865,581
1939,MG,Marliéria,4012,4592,580
1940,PI,Buriti dos Lopes,19074,19654,580
1941,PE,Chã de Alegria,12404,12984,580
1942,MA,Mirador,20452,21030,578
1943,MT,Nova Marilândia,2951,3529,578
1944,BA,Irará,27466,28043,577
1945,RS,Três Coroas,23848,24425,577
1946,MG,Três Marias,28318,28895,577
1947,BA,Abaré,17064,17639,575
1948,SP,Nuporanga,6817,7391,574
1949,PB,Riachão do Poço,4164,4738,574
1950,GO,Cristianópolis,2932,3504,572
1951,SC,Tigrinhos,1757,2329,572
1952,MG,Pedra Azul,23839,24410,571
1953,MS,Paranhos,12350,12921,571
1954,SP,Macatuba,16259,16829,570
1955,SC,Braço do Trombudo,3457,4026,569
1956,SP,Guaiçara,10670,11239,569
1957,MA,Tutóia,52788,53356,568
1958,MG,Japaraíba,3939,4506,567
1959,ES,Divino de São Lourenço,4516,5083,567
1960,MG,Pedra Dourada,2191,2757,566
1961,RR,São Luiz,6750,7315,565
1962,MA,São Benedito do Rio Preto,17799,18364,565
1963,RN,Carnaúba dos Dantas,7429,7992,563
1964,ES,Ibitirama,8957,9520,563
1965,MG,Imbé de Minas,6424,6986,562
1966,RS,Itaara,5010,5572,562
1967,RJ,Comendador Levy Gasparian,8180,8741,561
1968,MA,Água Doce do Maranhão,11581,12142,561
1969,RS,Parobé,51502,52058,556
1970,SP,Alfredo Marcondes,3891,4445,554
1971,TO,Darcinópolis,5273,5827,554
1972,GO,Rio Quente,3312,3864,552
1973,BA,Santa Luzia,13344,13896,552
1974,RN,Doutor Severiano,6492,7044,552
1975,MG,Monte Alegre de Minas,19619,20170,551
1976,PR,Colorado,22345,22896,551
1977,MG,Conceição da Aparecida,9820,10371,551
1978,PA,Faro,8177,8728,551
1979,CE,Várzea Alegre,38434,38984,550
1980,SP,Santa Ernestina,5568,6118,550
1981,AC,Rodrigues Alves,14389,14938,549
1982,BA,Tabocas do Brejo Velho,11431,11979,548
1983,SP,Canas,4385,4931,546
1984,GO,Serranópolis,7481,8027,546
1985,SP,Taciba,5714,6260,546
1986,ES,Ibiraçu,11178,11723,545
1987,GO,Cezarina,7545,8090,545
1988,RS,Tio Hugo,2724,3267,543
1989,MG,Córrego do Bom Jesus,3730,4272,542
1990,PB,Baraúna,4220,4762,542
1991,TO,Buriti do Tocantins,9768,10307,539
1992,PE,Fernando de Noronha,2630,3167,537
1993,PB,Jacaraú,13942,14477,535
1994,SP,Monte Aprazível,21746,22280,534
1995,AL,Ouro Branco,10912,11446,534
1996,SC,Erval Velho,4352,4885,533
1997,BA,Dom Macedo Costa,3874,4407,533
1998,PB,Marizópolis,6173,6705,532
1999,SC,Rancho Queimado,2748,3279,531
2000,MG,Belo Oriente,23397,23928,531
2001,MG,Bonito de Minas,9673,10204,531
2002,RN,Grossos,9393,9924,531
2003,SC,Faxinal dos Guedes,10661,11192,531
2004,BA,Dom Basílio,11355,11884,529
2005,MG,Carmo do Rio Claro,20426,20954,528
2006,SP,Pratânia,4599,5126,527
2007,PI,Batalha,25774,26300,526
2008,MG,Ouro Fino,31568,32094,526
2009,TO,Mateiros,2223,2748,525
2010,MG,Dores do Turvo,4462,4987,525
2011,PR,Jaboti,4902,5427,525
2012,GO,Aporé,3803,4325,522
2013,AM,Tapauá,19077,19599,522
2014,PI,Cristino Castro,9981,10503,522
2015,PR,Santa Cruz de Monte Castelo,8092,8613,521
2016,BA,Wagner,8983,9503,520
2017,MG,Moema,7028,7548,520
2018,PI,Bonfim do Piauí,5393,5913,520
2019,MG,Careaçu,6298,6816,518
2020,MS,Glória de Dourados,9927,10444,517
2021,AL,São José da Tapera,30088,30604,516
2022,CE,General Sampaio,6218,6734,516
2023,CE,Solonópole,17665,18179,514
2024,TO,Campos Lindos,8139,8653,514
2025,SP,Santa Clara d'Oeste,2084,2598,514
2026,MG,Lagoa Dourada,12256,12769,513
2027,RS,Maquiné,6905,7418,513
2028,CE,Varjota,17593,18105,512
2029,RN,Bom Jesus,9440,9952,512
2030,PA,São João do Araguaia,13155,13664,509
2031,PI,Curimatá,10761,11270,509
2032,MG,São João Nepomuceno,25057,25565,508
2033,MG,Gonçalves,4220,4727,507
2034,GO,Colinas do Sul,3523,4030,507
2035,MS,Terenos,17146,17652,506
2036,MG,Entre Rios de Minas,14242,14746,504
2037,RS,Horizontina,18348,18851,503
2038,MG,Campanha,15433,15935,502
2039,SP,Itobi,7546,8046,500
2040,SP,Mirandópolis,27483,27983,500
2041,SC,Dona Emma,3721,4221,500
2042,MG,Fronteira,14041,14540,499
2043,PR,Brasilândia do Sul,3209,3708,499
2044,PR,Doutor Camargo,5828,6327,499
2045,MG,Itumirim,6139,6638,499
2046,PR,Nova Esperança do Sudoeste,5098,5597,499
2047,GO,Caturaí,4686,5184,498
2048,MG,Alto Caparaó,5297,5795,498
2049,MS,Aral Moreira,10251,10748,497
2050,BA,Teolândia,14836,15332,496
2051,PB,Santa Helena,5369,5865,496
2052,PB,Maturéia,5939,6433,494
2053,MG,Curral de Dentro,6913,7406,493
2054,MG,Conceição dos Ouros,10388,10880,492
2055,CE,Catunda,9952,10444,492
2056,GO,Caçu,13283,13774,491
2057,MT,Nobres,15002,15492,490
2058,PB,Brejo do Cruz,13123,13613,490
2059,PI,Gilbués,10402,10892,490
2060,BA,Novo Horizonte,10673,11162,489
2061,BA,Carinhanha,28380,28869,489
2062,RJ,Carapebus,13359,13847,488
2063,MG,Rosário da Limeira,4247,4734,487
2064,SC,Treze de Maio,6876,7362,486
2065,MG,Senador Firmino,7230,7716,486
2066,CE,Ocara,24007,24493,486
2067,RN,Tenente Laurentino Cruz,5406,5891,485
2068,SP,Ilha Solteira,25064,25549,485
2069,SC,Herval d'Oeste,21239,21724,485
2070,GO,Taquaral de Goiás,3541,4026,485
2071,BA,Wanderley,12485,12968,483
2072,SC,São José do Cedro,13684,14167,483
2073,MG,Rio Piracicaba,14149,14631,482
2074,MG,Barroso,19599,20080,481
2075,GO,Edéia,11266,11747,481
2076,GO,Aparecida do Rio Doce,2427,2907,480
2077,CE,Palhano,8866,9346,480
2078,MG,Inhaúma,5760,6239,479
2079,GO,Urutaí,3074,3553,479
2080,MA,Conceição do Lago-Açu,14436,14915,479
2081,RS,Quaraí,23021,23500,479
2082,SE,Muribeca,7344,7822,478
2083,PB,Teixeira,14153,14631,478
2084,GO,Damianópolis,3292,3770,478
2085,SP,Nipoã,4274,4750,476
2086,MG,São Brás do Suaçuí,3513,3989,476
2087,BA,Itaquara,7678,8153,475
2088,PI,Lagoa do Barro do Piauí,4523,4995,472
2089,RN,Jardim de Piranhas,13506,13977,471
2090,SP,Santo Antônio da Alegria,6304,6775,471
2091,ES,São José do Calçado,10408,10878,470
2092,PI,Brasileira,7966,8436,470
2093,SE,Japoatã,12938,13407,469
2094,MT,Alto Boa Vista,5247,5715,468
2095,PA,Mocajuba,26731,27198,467
2096,GO,Jussara,19153,19620,467
2097,MA,São Bernardo,26476,26943,467
2098,MG,Carandaí,23346,23812,466
2099,BA,Potiraguá,9810,10274,464
2100,PB,Parari,1256,1720,464
2101,CE,Carnaubal,16746,17210,464
2102,PR,São Jorge do Patrocínio,6041,6504,463
2103,SP,Alumínio,16839,17301,462
2104,TO,Ananás,9865,10325,460
2105,SP,Cajuru,23371,23830,459
2106,PI,Caxingó,5039,5496,457
2107,PI,Juazeiro do Piauí,4757,5214,457
2108,PI,Conceição do Canindé,4475,4932,457
2109,SP,Queiroz,2808,3265,457
2110,PE,Carnaubeira da Penha,11782,12239,457
2111,MG,Medeiros,3444,3900,456
2112,SP,Mombuca,3266,3722,456
2113,RS,Terra de Areia,9878,10334,456
2114,PR,Mallet,12973,13428,455
2115,MG,São Sebastião do Anta,5739,6194,455
2116,TO,Formoso do Araguaia,18427,18881,454
2117,SP,Tupã,63476,63928,452
2118,SP,Charqueada,15085,15535,450
2119,GO,Itaguari,4513,4963,450
2120,PB,Lagoa de Dentro,7370,7819,449
2121,BA,Glória,15076,15524,448
2122,RS,Getúlio Vargas,16154,16602,448
2123,SP,Guareí,14565,15013,448
2124,SP,Boracéia,4268,4715,447
2125,RS,Pinhal,2513,2959,446
2126,SP,Guararapes,30597,31043,446
2127,GO,Piranhas,11266,11712,446
2128,MT,Itaúba,4575,5020,445
2129,CE,Monsenhor Tabosa,16705,17149,444
2130,MG,São Roque de Minas,6686,7129,443
2131,RN,Campo Grande,9289,9730,441
2132,MT,Planalto da Serra,2726,3166,440
2133,PR,Serranópolis do Iguaçu,4568,5007,439
2134,RS,Vila Flores,3207,3646,439
2135,PB,Pocinhos,17032,17469,437
2136,SE,Macambira,6401,6838,437
2137,MG,Divisa Alegre,5884,6321,437
2138,MG,Moeda,4689,5125,436
2139,MG,Guaranésia,18714,19150,436
2140,MT,Serra Nova Dourada,1365,1800,435
2141,MS,Vicentina,5901,6336,435
2142,TO,Pium,6694,7128,434
2143,PB,Malta,5613,6046,433
2144,PE,Orocó,13180,13613,433
2145,ES,Vargem Alta,19130,19563,433
2146,PA,Peixe-Boi,7854,8285,431
2147,MG,Poço Fundo,15959,16390,431
2148,MG,Taquaraçu de Minas,3794,4224,430
2149,MG,Chalé,5645,6075,430
2150,PB,Bernardino Batista,3075,3504,429
2151,SP,Herculândia,8696,9125,429
2152,MG,Ipaba,16708,17136,428
2153,TO,Alvorada,8374,8802,428
2154,PI,Campo Grande do Piauí,5592,6020,428
2155,RN,Lagoa d'Anta,6227,6654,427
2156,MA,São Domingos do Maranhão,33607,34034,427
2157,SP,Caiuá,5039,5466,427
2158,PB,Riachão do Bacamarte,4264,4690,426
2159,SP,Itapirapuã Paulista,3880,4306,426
2160,SP,Palestina,11051,11476,425
2161,MG,Oratórios,4493,4917,424
2162,CE,Uruburetama,19765,20189,424
2163,SP,Iacanga,10013,10437,424
2164,MA,Presidente Dutra,44731,45155,424
2165,MG,Itamogi,10349,10770,421
2166,SP,Borebi,2293,2713,420
2167,PR,Turvo,13811,14231,420
2168,RS,Arambaré,3693,4112,419
2169,GO,Avelinópolis,2450,2868,418
2170,MS,Japorã,7731,8148,417
2171,SE,Nossa Senhora das Dores,24580,24996,416
2172,MG,Tarumirim,14293,14709,416
2173,RS,Cerro Largo,13289,13705,416
2174,SP,Barão de Antonina,3116,3531,415
2175,SC,Águas Frias,2424,2839,415
2176,PR,Ivaí,12815,13229,414
2177,PE,Brejinho,7307,7720,413
2178,CE,Croatá,17069,17481,412
2179,CE,Senador Sá,6852,7262,410
2180,MG,Simão Pereira,2537,2947,410
2181,GO,Professor Jamil,3239,3649,410
2182,PB,Cacimbas,6814,7223,409
2183,PE,Chã Grande,20137,20546,409
2184,BA,Conceição da Feira,20391,20800,409
2185,SP,Fernando Prestes,5534,5942,408
2186,SC,Jupiá,2148,2555,407
2187,BA,Lençóis,10368,10774,406
2188,TO,Ponte Alta do Tocantins,7180,7586,406
2189,RJ,Areal,11423,11828,405
2190,MG,Santana do Manhuaçu,8582,8987,405
2191,PR,Cidade Gaúcha,11062,11467,405
2192,SC,Rio Fortuna,4446,4847,401
2193,SP,Bocaina,10859,11259,400
2194,PE,Primavera,13439,13838,399
2195,BA,Floresta Azul,10660,11059,399
2196,PI,Pedro II,37496,37894,398
2197,GO,Santa Bárbara de Goiás,5751,6149,398
2198,TO,Sandolândia,3326,3723,397
2199,MA,Olinda Nova do Maranhão,13181,13577,396
2200,PR,Marilena,6858,7253,395
2201,MG,Durandé,7423,7817,394
2202,MT,Ribeirãozinho,2199,2593,394
2203,SP,Silveiras,5792,6186,394
2204,MG,Goianá,3659,4053,394
2205,ES,São Gabriel da Palha,31859,32252,393
2206,MG,Inconfidentes,6908,7301,393
2207,MG,Lontra,8397,8790,393
2208,RJ,Rio das Flores,8561,8954,393
2209,RS,Boa Vista do Buricá,6574,6966,392
2210,PR,Guairaçá,6197,6587,390
2211,CE,Pires Ferreira,10216,10606,390
2212,MG,Luz,17486,17875,389
2213,RS,Camargo,2592,2981,389
2214,RN,Major Sales,3536,3924,388
2215,MG,Fortuna de Minas,2705,3093,388
2216,SP,Campina do Monte Alegre,5567,5954,387
2217,MG,Ponte Nova,57390,57776,386
2218,PI,Cocal de Telha,4525,4911,386
2219,SC,Entre Rios,3018,3402,384
2220,MA,Axixá,11407,11790,383
2221,PR,Campo do Tenente,7125,7508,383
2222,PB,São José dos Ramos,5508,5891,383
2223,AP,Tartarugalzinho,12563,12945,382
2224,RS,Paraí,6812,7194,382
2225,SP,Panorama,14583,14964,381
2226,RN,Tenente Ananias,9883,10262,379
2227,MG,Piedade dos Gerais,4640,5019,379
2228,MG,Rubim,9919,10298,379
2229,SC,Anitápolis,3214,3593,379
2230,PI,Dirceu Arcoverde,6675,7054,379
2231,PR,Ângulo,2859,3235,376
2232,MT,Conquista D'Oeste,3385,3760,375
2233,SP,Mirassolândia,4295,4669,374
2234,SP,Guaraci,9976,10350,374
2235,BA,Canudos,15732,16105,373
2236,MA,Sucupira do Riachão,4613,4985,372
2237,SP,Itaju,3246,3618,372
2238,MA,Dom Pedro,22681,23053,372
2239,BA,Uauá,24294,24665,371
2240,MG,Jesuânia,4768,5138,370
2241,AL,Barra de São Miguel,7574,7944,370
2242,PB,São Miguel de Taipu,6696,7066,370
2243,TO,Goiatins,12064,12433,369
2244,GO,Campestre de Goiás,3387,3755,368
2245,GO,Sanclerlândia,7550,7918,368
2246,BA,Ibiassucê,10062,10429,367
2247,BA,Nova Fátima,7602,7967,365
2248,SP,Quatá,12799,13163,364
2249,MG,Dom Joaquim,4535,4899,364
2250,PB,Pombal,32110,32473,363
2251,RS,Coronel Barros,2459,2822,363
2252,GO,Alvorada do Norte,8084,8446,362
2253,MG,Tocantins,15823,16185,362
2254,AL,Santana do Mundaú,10961,11323,362
2255,RN,Itajá,6932,7292,360
2256,PI,Ilha Grande,8914,9274,360
2257,SP,Ribeirão Branco,18269,18627,358
2258,RJ,Cardoso Moreira,12600,12958,358
2259,SP,Zacarias,2335,2692,357
2260,SP,Icém,7462,7819,357
2261,SP,Osvaldo Cruz,30917,31272,355
2262,SC,Nova Veneza,13309,13664,355
2263,MG,Nova União,5555,5909,354
2264,SP,Guatapará,6966,7320,354
2265,RJ,Tanguá,30732,31086,354
2266,SP,Rafard,8612,8965,353
2267,MG,Pouso Alto,6213,6566,353
2268,RS,Morro Reuter,5676,6029,353
2269,RS,São José do Hortêncio,4094,4447,353
2270,TO,Barra do Ouro,4123,4476,353
2271,RJ,Cordeiro,20430,20783,353
2272,PI,Boqueirão do Piauí,6193,6545,352
2273,TO,Sampaio,3864,4215,351
2274,PR,Pinhalão,6215,6566,351
2275,PI,São Julião,5675,6025,350
2276,SE,Carmópolis,13503,13853,350
2277,SP,Campos Novos Paulista,4539,4888,349
2278,RN,Lagoa de Pedras,6989,7338,349
2279,SP,Orindiúva,5675,6024,349
2280,BA,Canavieiras,32336,32683,347
2281,PB,Uiraúna,14584,14930,346
2282,TO,São Félix do Tocantins,1437,1783,346
2283,MA,Presidente Sarney,17165,17511,346
2284,MT,Santo Antônio do Leste,3754,4099,345
2285,BA,Nova Itarana,7435,7780,345
2286,RS,Chuí,5917,6262,345
2287,GO,Santa Terezinha de Goiás,10302,10645,343
2288,MA,Alto Parnaíba,10766,11109,343
2289,MG,Córrego Fundo,5790,6133,343
2290,AM,Codajás,23206,23549,343
2291,MG,Bocaina de Minas,5007,5348,341
2292,SC,Cunha Porã,10613,10953,340
2293,SP,Reginópolis,7323,7662,339
2294,PB,Alcantil,5239,5578,339
2295,MG,São José da Varginha,4198,4536,338
2296,PR,Rebouças,14176,14514,338
2297,MG,Lagoa Grande,8631,8969,338
2298,PB,Juarez Távora,7459,7796,337
2299,MG,Timóteo,81243,81579,336
2300,PB,Camalaú,5749,6085,336
2301,PB,Mari,21176,21512,336
2302,MG,Caiana,4968,5304,336
2303,SP,Braúna,5021,5356,335
2304,TO,Tupirama,1574,1909,335
2305,RS,Três Palmeiras,4381,4716,335
2306,SP,Ribeirão Corrente,4273,4608,335
2307,MG,Rio Pomba,17110,17443,333
2308,MA,Pirapemas,17381,17714,333
2309,MG,Guaraciama,4718,5051,333
2310,PI,Bom Princípio do Piauí,5304,5636,332
2311,AL,Olho d'Água das Flores,20364,20695,331
2312,RS,Tabaí,4131,4461,330
2313,PI,Sebastião Leal,4116,4446,330
2314,TO,Colméia,8611,8941,330
2315,PR,Nova Olímpia,5503,5833,330
2316,RN,São Bento do Norte,2975,3304,329
2317,PR,Campina da Lagoa,15394,15723,329
2318,GO,Cromínia,3555,3883,328
2319,RN,Senador Elói de Souza,5637,5965,328
2320,PE,Glória do Goitá,29019,29347,328
2321,RS,Ametista do Sul,7323,7650,327
2322,RN,Arês,12924,13251,327
2323,CE,Tejuçuoca,16827,17154,327
2324,MG,Pimenta,8236,8563,327
2325,RN,São José do Seridó,4231,4558,327
2326,SC,Pinheiro Preto,3147,3473,326
2327,MG,Bicas,13653,13978,325
2328,PR,Fernandes Pinheiro,5932,6255,323
2329,TO,Couto Magalhães,5009,5331,322
2330,RN,Riachuelo,7067,7389,322
2331,MG,Catuji,6708,7030,322
2332,BA,Igaporã,15205,15527,322
2333,SP,Corumbataí,3874,4195,321
2334,PB,Lastro,2841,3162,321
2335,SP,Natividade da Serra,6678,6999,321
2336,PA,Nova Esperança do Piriá,20158,20478,320
2337,PI,Nossa Senhora dos Remédios,8206,8525,319
2338,SE,Telha,2957,3274,317
2339,MG,Resende Costa,10913,11230,317
2340,RS,Pantano Grande,9895,10212,317
2341,PE,Camocim de São Félix,17104,17419,315
2342,GO,Nazário,7874,8189,315
2343,MG,São Sebastião da Vargem Alegre,2798,3113,315
2344,PI,Monte Alegre do Piauí,10345,10660,315
2345,PI,Bela Vista do Piauí,3778,4091,313
2346,TO,Monte Santo do Tocantins,2085,2396,311
2347,SP,Paulistânia,1779,2090,311
2348,BA,Biritinga,14836,15146,310
2349,RS,Nova Candelária,2751,3061,310
2350,MG,Aimorés,24959,25269,310
2351,PI,Anísio de Abreu,9098,9407,309
2352,AL,Pariconha,10264,10573,309
2353,PI,Morro Cabeça no Tempo,4068,4377,309
2354,MG,Urucânia,10291,10600,309
2355,SE,Santana do São Francisco,7038,7346,308
2356,MS,Laguna Carapã,6491,6799,308
2357,RS,São Vendelino,1944,2251,307
2358,MG,Santa Bárbara do Monte Verde,2788,3095,307
2359,RJ,Sumidouro,14900,15206,306
2360,SP,Ipuã,14148,14454,306
2361,SP,Mira Estrela,2820,3126,306
2362,PI,Coivaras,3811,4117,306
2363,RS,Westfália,2793,3098,305
2364,PE,Condado,24282,24587,305
2365,SP,São José do Rio Pardo,51900,52205,305
2366,PB,Remígio,17581,17885,304
2367,BA,Várzea Nova,13073,13377,304
2368,MG,Itutinga,3913,4217,304
2369,MG,Aguanil,4054,4357,303
2370,SP,Buritizal,4053,4356,303
2371,BA,Jaborandi,8973,9275,302
2372,RN,Vila Flor,2872,3174,302
2373,SP,Lindóia,6712,7014,302
2374,PB,Cabaceiras,5035,5335,300
2375,SP,Macedônia,3664,3963,299
2376,RS,São José do Sul,2082,2380,298
2377,PB,Itatuba,10201,10499,298
2378,PR,Novo Itacolomi,2827,3125,298
2379,SC,Guaraciaba,10498,10796,298
2380,SP,Analândia,4293,4589,296
2381,PB,Barra de São Miguel,5611,5906,295
2382,PI,Joca Marques,5100,5394,294
2383,MG,Pratinha,3265,3559,294
2384,MG,Piracema,6406,6700,294
2385,RS,Novo Barreiro,3978,4272,294
2386,GO,Palminópolis,3557,3851,294
2387,AP,Serra do Navio,4380,4673,293
2388,PR,São Jorge d'Oeste,9085,9378,293
2389,SC,Planalto Alegre,2654,2946,292
2390,CE,Quiterianópolis,19921,20213,292
2391,SC,Abelardo Luz,17100,17392,292
2392,MG,Rio Manso,5276,5568,292
2393,RN,Rio do Fogo,10059,10351,292
2394,PR,Sertanópolis,15638,15930,292
2395,RS,Brochier,4675,4966,291
2396,MG,Patrocínio do Muriaé,5287,5576,289
2397,SP,Arealva,7841,8130,289
2398,PA,Inhangapi,10037,10325,288
2399,RS,Santa Maria do Herval,6053,6340,287
2400,MG,Madre de Deus de Minas,4904,5191,287
2401,RN,São Francisco do Oeste,3874,4161,287
2402,AL,Cacimbinhas,10195,10482,287
2403,MG,Pingo-d'Água,4420,4706,286
2404,MG,Borda da Mata,17118,17404,286
2405,SP,Anhumas,3738,4023,285
2406,MG,Virgínia,8623,8908,285
2407,TO,Bandeirantes do Tocantins,3122,3407,285
2408,RS,Capitão,2636,2921,285
2409,MT,Luciara,2224,2509,285
2410,PB,Aparecida,7676,7960,284
2411,PI,Cabeceiras do Piauí,9928,10212,284
2412,MG,Chácara,2792,3075,283
2413,SP,Gavião Peixoto,4419,4702,283
2414,SC,Tunápolis,4633,4916,283
2415,PI,Lagoinha do Piauí,2656,2939,283
2416,RN,São Vicente,6028,6310,282
2417,MG,Bom Jardim de Minas,6501,6783,282
2418,RN,Portalegre,7320,7601,281
2419,PR,Munhoz de Melo,3672,3951,279
2420,SP,Paraibuna,17388,17667,279
2421,MS,Anastácio,23835,24114,279
2422,CE,Iracema,13722,14001,279
2423,MA,Pindaré-Mirim,31152,31429,277
2424,MG,Turvolândia,4658,4935,277
2425,RN,Caiçara do Norte,6016,6293,277
2426,CE,Ibicuitinga,11335,11611,276
2427,MG,Passa Tempo,8197,8473,276
2428,PR,Nova Santa Bárbara,3908,4184,276
2429,PR,Prado Ferreira,3434,3709,275
2430,RN,Ipanguaçu,13856,14131,275
2431,SC,Imbuia,5707,5982,275
2432,SP,Santa Cruz da Conceição,4002,4277,275
2433,SP,Iguape,28841,29115,274
2434,PI,Alvorada do Gurguéia,5050,5322,272
2435,PE,Dormentes,16917,17188,271
2436,PE,Buenos Aires,12537,12808,271
2437,ES,Água Doce do Norte,11771,12042,271
2438,SP,Bilac,7048,7319,271
2439,MS,Rochedo,4928,5199,271
2440,TO,Bom Jesus do Tocantins,3768,4038,270
2441,SC,Nova Itaberaba,4267,4536,269
2442,SC,Jaborá,4041,4310,269
2443,PE,Ingazeira,4496,4765,269
2444,GO,Edealina,3733,4001,268
2445,PI,Marcos Parente,4456,4724,268
2446,ES,Laranja da Terra,10826,11094,268
2447,PR,Rio Bonito do Iguaçu,13661,13929,268
2448,SP,Aramina,5152,5420,268
2449,PR,Santana do Itararé,5249,5514,265
2450,SP,Indiana,4825,5090,265
2451,SP,Salto Grande,8787,9050,263
2452,TO,Marianópolis do Tocantins,4352,4615,263
2453,BA,Gentio do Ouro,10622,10884,262
2454,SP,Pirangi,10623,10885,262
2455,MA,Paulo Ramos,20079,20341,262
2456,CE,Antonina do Norte,6984,7245,261
2457,MG,Eugenópolis,10540,10801,261
2458,SC,Rio do Campo,6192,6452,260
2459,MT,Arenápolis,10316,10576,260
2460,SC,São João do Oeste,6036,6295,259
2461,TO,Santa Tereza do Tocantins,2523,2781,258
2462,GO,São Francisco de Goiás,6120,6378,258
2463,SP,Jumirim,2798,3056,258
2464,MG,Conceição do Pará,5158,5415,257
2465,RS,Quinze de Novembro,3653,3910,257
2466,BA,Cafarnaum,17209,17466,257
2467,ES,Conceição do Castelo,11681,11937,256
2468,GO,Inaciolândia,5699,5954,255
2469,SC,Treviso,3527,3782,255
2470,MG,Datas,5211,5465,254
2471,MG,Ribeirão Vermelho,3826,4080,254
2472,SC,Campo Erê,9370,9623,253
2473,MG,Vazante,19723,19975,252
2474,RN,Baía Formosa,8573,8825,252
2475,MG,Senador Cortes,1988,2240,252
2476,TO,Cariri do Tocantins,3756,4007,251
2477,RO,São Francisco do Guaporé,16035,16286,251
2478,SC,Bom Jesus,2526,2777,251
2479,MG,Taparuba,3137,3387,250
2480,SC,Arvoredo,2260,2510,250
2481,PB,Matinhas,4321,4571,250
2482,PI,Aroeiras do Itaim,2440,2690,250
2483,AL,Monteirópolis,6935,7184,249
2484,MG,São Tomé das Letras,6655,6904,249
2485,PI,Lagoa Alegre,8008,8256,248
2486,PE,Santa Cruz,13594,13841,247
2487,TO,Caseara,4601,4847,246
2488,PB,Congo,4687,4933,246
2489,PR,Alto Paraná,13663,13909,246
2490,RS,Santa Margarida do Sul,2352,2596,244
2491,PR,Catanduvas,10202,10446,244
2492,SP,Cunha,21866,22110,244
2493,MG,Santa Cruz de Minas,7865,8109,244
2494,BA,Fátima,17652,17895,243
2495,PI,Bertolínia,5319,5562,243
2496,SP,Lagoinha,4841,5083,242
2497,BA,Jitaúna,14115,14355,240
2498,MG,Natalândia,3280,3520,240
2499,MT,Ponte Branca,1768,2008,240
2500,PB,Santa Luzia,14719,14959,240
2501,SP,Nova Granada,19180,19419,239
2502,ES,Vila Pavão,8672,8911,239
2503,MA,Afonso Cunha,5905,6144,239
2504,SC,Bandeirante,2906,3144,238
2505,MG,Pedra do Indaiá,3875,4112,237
2506,BA,Saubara,11201,11438,237
2507,PE,Brejão,8844,9079,235
2508,CE,Guaiúba,24091,24325,234
2509,PR,São Carlos do Ivaí,6354,6587,233
2510,PB,Riacho de Santo Antônio,1722,1955,233
2511,RS,São Pedro da Serra,3315,3548,233
2512,SP,Piacatu,5287,5519,232
2513,MG,Marmelópolis,2968,3200,232
2514,PR,Pitangueiras,2814,3046,232
2515,CE,Ipaporanga,11343,11575,232
2516,PR,Paula Freitas,5434,5666,232
2517,SP,Pompéia,19964,20196,232
2518,SP,Ribeirão do Sul,4446,4677,231
2519,MG,Santo Antônio do Aventureiro,3538,3769,231
2520,PB,Juazeirinho,16776,17007,231
2521,PI,Curralinhos,4183,4413,230
2522,PB,Passagem,2233,2463,230
2523,PB,Soledade,13739,13968,229
2524,SP,Pedranópolis,2558,2787,229
2525,RS,Barra do Quaraí,4012,4241,229
2526,MG,Fama,2350,2578,228
2527,PR,Piraí do Sul,23424,23651,227
2528,BA,Caculé,22236,22462,226
2529,MG,Santa Rita de Minas,6547,6773,226
2530,SC,Bocaina do Sul,3290,3515,225
2531,MG,Itueta,5830,6055,225
2532,MG,Nazareno,7954,8179,225
2533,RS,Machadinho,5510,5735,225
2534,MS,Coronel Sapucaia,14064,14289,225
2535,PR,Florestópolis,11222,11446,224
2536,SP,Cândido Rodrigues,2668,2889,221
2537,SP,João Ramalho,4150,4371,221
2538,PR,Lupionópolis,4592,4813,221
2539,RS,Entre-Ijuís,8938,9158,220
2540,RN,Passagem,2895,3115,220
2541,CE,Itaiçaba,7316,7536,220
2542,GO,São Luiz do Norte,4617,4837,220
2543,MT,Nova Monte Verde,8093,8313,220
2544,SC,Ermo,2050,2269,219
2545,MG,São Domingos das Dores,5408,5626,218
2546,BA,Iuiu,10900,11118,218
2547,MG,Sericita,7128,7345,217
2548,SP,Paranapuã,3815,4031,216
2549,PI,Madeiro,7816,8032,216
2550,PR,Tamboara,4664,4880,216
2551,TO,Muricilândia,3152,3367,215
2552,MS,Sete Quedas,10780,10994,214
2553,RN,Ouro Branco,4699,4913,214
2554,BA,Riachão do Jacuípe,33172,33386,214
2555,MS,Douradina,5364,5578,214
2556,RJ,Guapimirim,51483,51696,213
2557,CE,Granjeiro,4629,4841,212
2558,SP,Santa Branca,13763,13975,212
2559,RS,Antônio Prado,12833,13045,212
2560,SC,Lajeado Grande,1490,1702,212
2561,SC,Apiúna,9600,9811,211
2562,RS,Nicolau Vergueiro,1721,1932,211
2563,PI,Fartura do Piauí,5074,5284,210
2564,RN,Felipe Guerra,5734,5944,210
2565,MG,Vermelho Novo,4689,4899,210
2566,SC,Imaruí,11672,11881,209
2567,RS,Salvador das Missões,2669,2877,208
2568,TO,Novo Acordo,3762,3969,207
2569,PE,Exu,31636,31843,207
2570,MA,Loreto,11390,11597,207
2571,AL,Lagoa da Canoa,18250,18457,207
2572,PI,Caridade do Piauí,4826,5033,207
2573,GO,Cabeceiras,7354,7560,206
2574,SC,Princesa,2758,2964,206
2575,RS,São José do Inhacorá,2200,2406,206
2576,PI,Betânia do Piauí,6015,6220,205
2577,RN,Viçosa,1618,1822,204
2578,PI,Curral Novo do Piauí,4869,5073,204
2579,RJ,Sapucaia,17525,17729,204
2580,TO,Paranã,10338,10542,204
2581,SC,Caxambu do Sul,4411,4614,203
2582,BA,Malhada de Pedras,8468,8670,202
2583,SC,Içara,58833,59035,202
2584,CE,Jati,7660,7861,201
2585,SP,Paraíso,5898,6099,201
2586,GO,Corumbá de Goiás,10361,10562,201
2587,MG,Senador José Bento,1868,2068,200
2588,PR,Lobato,4401,4601,200
2589,ES,Dores do Rio Preto,6397,6596,199
2590,MT,Santa Terezinha,7397,7596,199
2591,PI,Vera Mendes,2986,3185,199
2592,MG,Alterosa,13717,13915,198
2593,SP,Santa Salete,1447,1645,198
2594,SP,Santo Expedito,2803,3000,197
2595,SC,Dionísio Cerqueira,14811,15008,197
2596,RS,São Pedro do Butiá,2873,3070,197
2597,SP,Poloni,5395,5592,197
2598,SP,Rio Grande da Serra,43974,44170,196
2599,SC,São Martinho,3209,3405,196
2600,RS,São Luiz Gonzaga,34556,34752,196
2601,PI,Tamboril do Piauí,2753,2949,196
2602,SC,Flor do Sertão,1588,1783,195
2603,SP,Itaoca,3228,3422,194
2604,RS,Nova Esperança do Sul,4671,4865,194
2605,SC,Luzerna,5600,5794,194
2606,BA,Aracatu,13743,13936,193
2607,ES,Águia Branca,9519,9711,192
2608,RS,Vila Maria,4221,4413,192
2609,CE,Capistrano,17062,17254,192
2610,GO,Cavalcante,9392,9583,191
2611,RS,Água Santa,3722,3912,190
2612,SP,Santa Rita d'Oeste,2543,2733,190
2613,MG,São Sebastião do Rio Verde,2110,2300,190
2614,GO,Santa Fé de Goiás,4762,4951,189
2615,SE,Gracho Cardoso,5645,5834,189
2616,PB,São Bentinho,4138,4327,189
2617,CE,Pacujá,5986,6175,189
2618,SE,Santa Rosa de Lima,3749,3937,188
2619,MG,Senhora dos Remédios,10196,10384,188
2620,MG,Presidente Olegário,18577,18765,188
2621,SC,Chapadão do Lageado,2762,2950,188
2622,SC,Palmeira,2373,2561,188
2623,GO,Mairipotaba,2374,2561,187
2624,SC,Paraíso,4080,4267,187
2625,PI,Monsenhor Hipólito,7391,7577,186
2626,MG,Peçanha,17260,17446,186
2627,MG,Pequeri,3165,3351,186
2628,GO,Britânia,5509,5695,186
2629,SC,Santiago do Sul,1465,1651,186
2630,PI,Queimada Nova,8553,8738,185
2631,TO,Abreulândia,2391,2576,185
2632,MG,Coronel Xavier Chaves,3301,3486,185
2633,SC,Arabutã,4193,4378,185
2634,SP,Balbinos,3702,3887,185
2635,GO,Nova Iguaçu de Goiás,2826,3010,184
2636,PR,Bom Jesus do Sul,3796,3980,184
2637,CE,Moraújo,8070,8254,184
2638,SC,Benedito Novo,10336,10520,184
2639,MG,São João da Mata,2731,2914,183
2640,PR,Cafezal do Sul,4290,4473,183
2641,SP,Santo Antônio do Jardim,5943,6126,183
2642,GO,Gameleira de Goiás,3275,3456,181
2643,RN,Alto do Rodrigues,12305,12484,179
2644,PB,Riacho dos Cavalos,8314,8493,179
2645,SP,Lucélia,19882,20061,179
2646,MG,Monsenhor Paulo,8161,8340,179
2647,RS,Selbach,4929,5107,178
2648,BA,Rio de Contas,13007,13184,177
2649,PB,Sossêgo,3169,3345,176
2650,SC,Coronel Freitas,10213,10388,175
2651,RN,Lajes Pintadas,4612,4787,175
2652,MG,Rochedo de Minas,2116,2291,175
2653,SC,Timbó Grande,7167,7342,175
2654,SC,Urupema,2482,2656,174
2655,MG,Cabeceira Grande,6453,6627,174
2656,BA,Lafaiete Coutinho,3901,4075,174
2657,PB,Pilõezinhos,5155,5329,174
2658,BA,São Gabriel,18427,18600,173
2659,GO,Itapirapuã,7835,8007,172
2660,GO,Buriti de Goiás,2560,2732,172
2661,BA,Lagoa Real,13934,14105,171
2662,AL,Belém,4551,4722,171
2663,BA,Muquém do São Francisco,10272,10443,171
2664,PR,São Pedro do Paraná,2491,2661,170
2665,MG,Maravilhas,7163,7333,170
2666,RN,Santana do Seridó,2526,2696,170
2667,PI,Simões,14180,14350,170
2668,SP,Quadra,3236,3405,169
2669,RS,Picada Café,5182,5351,169
2670,PI,Matias Olímpio,10473,10641,168
2671,SP,Ocauçu,4163,4331,168
2672,TO,Rio dos Bois,2570,2738,168
2673,MG,Conquista,6526,6694,168
2674,TO,Chapada de Areia,1335,1501,166
2675,MG,São João da Lagoa,4656,4822,166
2676,SP,Cássia dos Coqueiros,2634,2799,165
2677,PB,São Domingos do Cariri,2420,2585,165
2678,SP,Américo de Campos,5706,5870,164
2679,MG,Luminárias,5422,5586,164
2680,SC,Paial,1763,1927,164
2681,MG,Cristina,10210,10374,164
2682,PB,Várzea,2504,2668,164
2683,SC,Vitor Meireles,5207,5370,163
2684,RS,Chapada,9377,9540,163
2685,MG,Bela Vista de Minas,10004,10167,163
2686,SP,Santa Cruz da Esperança,1953,2116,163
2687,CE,Aracoiaba,25391,25553,162
2688,SP,Coroados,5238,5400,162
2689,MG,Ibertioga,5036,5198,162
2690,MG,São José do Mantimento,2592,2753,161
2691,AM,Atalaia do Norte,15153,15314,161
2692,MG,Descoberto,4768,4928,160
2693,SP,Monte Castelo,4063,4222,159
2694,MG,Carmésia,2446,2605,159
2695,SP,Capão Bonito,46178,46337,159
2696,SP,Jaboticabal,71662,71821,159
2697,PI,São Miguel da Baixa Grande,2110,2269,159
2698,MG,Santa Rosa da Serra,3224,3382,158
2699,SP,Álvaro de Carvalho,4650,4808,158
2700,RN,Jundiá,3582,3739,157
2701,CE,Ibiapina,23808,23965,157
2702,BA,Condeúba,16898,17053,155
2703,PI,Angical do Piauí,6672,6827,155
2704,RO,Rio Crespo,3316,3471,155
2705,PI,Porto,11897,12052,155
2706,RS,Alto Feliz,2917,3072,155
2707,RS,Poço das Antas,2017,2171,154
2708,MG,Passa Vinte,2079,2233,154
2709,RS,Taquaruçu do Sul,2966,3119,153
2710,PB,Zabelê,2075,2228,153
2711,PB,Tenório,2813,2966,153
2712,MG,Silvianópolis,6027,6179,152
2713,MG,Porto Firme,10417,10569,152
2714,PR,Icaraíma,8839,8991,152
2715,GO,São Patrício,1991,2143,152
2716,PR,Ibema,6066,6218,152
2717,PR,Santa Isabel do Ivaí,8760,8912,152
2718,MG,Cachoeira de Pajeú,8959,9110,151
2719,RN,Caraúbas,19576,19727,151
2720,PB,Boa Vista,6227,6377,150
2721,MG,Areado,13731,13881,150
2722,PI,Currais,4704,4854,150
2723,PB,Junco do Seridó,6643,6793,150
2724,PR,Indianópolis,4299,4448,149
2725,MA,Matinha,21885,22034,149
2726,PB,Alagoinha,13576,13725,149
2727,RS,Mariana Pimentel,3768,3916,148
2728,PI,Capitão de Campos,10953,11100,147
2729,PB,Amparo,2088,2234,146
2730,RJ,Macuco,5269,5415,146
2731,RN,Espírito Santo,10475,10620,145
2732,BA,Banzaê,11814,11958,144
2733,RS,Tapera,10448,10592,144
2734,MT,Porto dos Gaúchos,5449,5593,144
2735,MG,Santo Antônio do Grama,4085,4229,144
2736,RS,Riozinho,4330,4473,143
2737,MG,São João do Manteninha,5188,5331,143
2738,SP,Cajati,28372,28515,143
2739,PI,Barra D'Alcântara,3852,3995,143
2740,PI,Várzea Branca,4913,5055,142
2741,RN,Senador Georgino Avelino,3924,4065,141
2742,ES,Governador Lindenberg,10869,11009,140
2743,RS,Lagoa dos Três Cantos,1598,1738,140
2744,MA,Bom Jesus das Selvas,28459,28599,140
2745,MG,Bom Jesus do Amparo,5491,5631,140
2746,SP,São João do Pau d'Alho,2103,2242,139
2747,BA,Canarana,24067,24206,139
2748,PI,Belém do Piauí,3284,3423,139
2749,PA,Terra Alta,10262,10400,138
2750,SC,Iomerê,2739,2877,138
2751,SC,Pedras Grandes,4107,4245,138
2752,SP,Trabiju,1544,1682,138
2753,RS,São Jorge,2774,2912,138
2754,MG,Resplendor,17089,17226,137
2755,MG,São José do Alegre,3996,4133,137
2756,CE,Parambu,31309,31445,136
2757,GO,Lagoa Santa,1254,1390,136
2758,PB,Esperança,31095,31231,136
2759,MG,Cônego Marinho,7101,7237,136
2760,MA,Nova Colinas,4885,5021,136
2761,MG,São Bento Abade,4577,4713,136
2762,PR,Pinhal de São Bento,2625,2761,136
2763,SP,Uru,1251,1387,136
2764,SC,Urubici,10699,10834,135
2765,TO,Nazaré,4386,4521,135
2766,PA,Piçarra,12697,12832,135
2767,RS,Roca Sales,10284,10418,134
2768,RS,Lagoa Vermelha,27525,27659,134
2769,MA,Lajeado Novo,6923,7057,134
2770,RN,Alexandria,13507,13640,133
2771,PR,Quedas do Iguaçu,30605,30738,133
2772,RS,Salvador do Sul,6747,6879,132
2773,PR,Itambé,5979,6111,132
2774,SP,Indiaporã,3903,4035,132
2775,RS,Barra Funda,2367,2498,131
2776,MG,Silveirânia,2192,2323,131
2777,PR,Juranda,7641,7771,130
2778,PA,Floresta do Araguaia,17768,17898,130
2779,MA,Santo Amaro do Maranhão,13820,13949,129
2780,MG,Santa Rita do Itueto,5697,5826,129
2781,PB,Vista Serrana,3512,3641,129
2782,MG,Pains,8014,8142,128
2783,PB,São José do Sabugi,4010,4138,128
2784,PE,Cupira,23390,23518,128
2785,RS,Mampituba,3003,3131,128
2786,TO,Oliveira de Fátima,1037,1164,127
2787,PR,São José das Palmeiras,3830,3957,127
2788,SP,Itaberá,17858,17983,125
2789,SP,Santa Mercedes,2831,2956,125
2790,SP,Lucianópolis,2249,2372,123
2791,PI,Pau D'Arco do Piauí,3757,3880,123
2792,RS,Nova Roma do Sul,3343,3466,123
2793,SE,Malhada dos Bois,3456,3579,123
2794,MG,Ewbank da Câmara,3753,3875,122
2795,PI,São Gonçalo do Gurguéia,2825,2947,122
2796,PR,Espigão Alto do Iguaçu,4677,4797,120
2797,SC,Morro Grande,2890,3010,120
2798,RN,Serrinha dos Pintos,4540,4659,119
2799,SC,Salete,7370,7489,119
2800,SP,Arco-Íris,1925,2044,119
2801,RS,Campos Borges,3494,3613,119
2802,MG,Pedras de Maria da Cruz,10315,10433,118
2803,MG,Olhos-d'Água,5267,5385,118
2804,RS,Pinhal da Serra,2130,2248,118
2805,SP,Viradouro,17297,17414,117
2806,BA,Itagibá,15193,15310,117
2807,ES,Alto Rio Novo,7317,7434,117
2808,MG,Claraval,4542,4658,116
2809,PB,Caldas Brandão,5637,5753,116
2810,PI,São Pedro do Piauí,13639,13755,116
2811,CE,Jucás,23807,23922,115
2812,RS,Lajeado do Bugre,2487,2601,114
2813,PI,Colônia do Gurguéia,6036,6150,114
2814,PI,Antônio Almeida,3039,3152,113
2815,PI,Inhuma,14845,14958,113
2816,MG,Presidente Kubitschek,2959,3071,112
2817,PE,Granito,6855,6967,112
2818,BA,Lajedão,3733,3845,112
2819,PB,Picuí,18222,18333,111
2820,SP,Dolcinópolis,2096,2207,111
2821,SC,Rio das Antas,6143,6253,110
2822,SP,Flórida Paulista,12848,12958,110
2823,PR,Pranchita,5628,5737,109
2824,PR,Flórida,2543,2652,109
2825,RS,Sentinela do Sul,5198,5306,108
2826,SC,Angelina,5250,5358,108
2827,GO,Jandaia,6164,6272,108
2828,SE,General Maynard,2929,3037,108
2829,PI,Jerumenha,4390,4497,107
2830,MS,Taquarussu,3518,3625,107
2831,PI,Caracol,10212,10318,106
2832,PI,Caraúbas do Piauí,5525,5630,105
2833,BA,Senhor do Bonfim,74419,74523,104
2834,PR,Miraselva,1862,1966,104
2835,PR,Mariópolis,6268,6371,103
2836,MA,Carolina,23959,24062,103
2837,MA,Ribamar Fiquene,7318,7420,102
2838,MG,Jaguaraçu,2990,3092,102
2839,SC,Vargeão,3532,3634,102
2840,RS,Santo Antônio do Planalto,1987,2089,102
2841,SP,Borá,805,907,102
2842,GO,Sítio d'Abadia,2825,2927,102
2843,GO,Três Ranchos,2819,2921,102
2844,PR,Rondon,8996,9097,101
2845,MG,Dom Viçoso,2994,3095,101
2846,MG,Carrancas,3948,4049,101
2847,RN,Jucurutu,17692,17793,101
2848,RS,Capivari do Sul,3890,3991,101
2849,BA,Nova Soure,24136,24236,100
2850,GO,Morro Agudo de Goiás,2356,2456,100
2851,SP,Sebastianópolis do Sul,3031,3130,99
2852,PI,Amarante,17135,17234,99
2853,SE,Brejo Grande,7742,7841,99
2854,RN,Pedra Grande,3521,3618,97
2855,SP,Chavantes,12114,12211,97
2856,RS,Arvorezinha,10225,10322,97
2857,PI,Capitão Gervásio Oliveira,3878,3974,96
2858,MG,Fervedouro,10349,10445,96
2859,PR,Marumbi,4603,4699,96
2860,TO,Luzinópolis,2622,2717,95
2861,PR,Formosa do Oeste,7541,7635,94
2862,PI,Ipiranga do Piauí,9327,9420,93
2863,MT,Torixoréu,4071,4164,93
2864,SP,Fernão,1563,1656,93
2865,CE,Novo Oriente,27453,27545,92
2866,MG,Dona Euzébia,6001,6093,92
2867,MG,Carmo da Mata,10927,11019,92
2868,MG,Arantina,2823,2915,92
2869,MA,São João dos Patos,24928,25020,92
2870,CE,Barroquinha,14476,14567,91
2871,TO,Santa Rita do Tocantins,2128,2219,91
2872,RN,São Fernando,3401,3492,91
2873,BA,Lapão,25646,25736,90
2874,SC,Salto Veloso,4301,4390,89
2875,MG,Divisa Nova,5763,5851,88
2876,GO,Faina,6983,7070,87
2877,TO,Combinado,4669,4756,87
2878,PR,Barra do Jacaré,2727,2814,87
2879,SP,Guaimbê,5425,5512,87
2880,MG,Canaã,4628,4715,87
2881,PR,Ramilândia,4134,4221,87
2882,RN,Messias Targino,4188,4274,86
2883,PR,Bela Vista da Caroba,3945,4031,86
2884,SC,Cunhataí,1882,1968,86
2885,GO,São João da Paraúna,1689,1774,85
2886,TO,Santa Rosa do Tocantins,4568,4653,85
2887,RN,Santa Maria,4762,4847,85
2888,GO,Aragarças,18305,18390,85
2889,SC,Caibi,6219,6304,85
2890,RN,Cerro Corá,10916,11000,84
2891,RN,Fernando Pedroza,2854,2938,84
2892,RS,Erebango,2970,3054,84
2893,PB,Gurjão,3159,3242,83
2894,SP,Tabatinga,14686,14769,83
2895,RN,Angicos,11549,11632,83
2896,RS,Mato Castelhano,2470,2553,83
2897,PI,São Gonçalo do Piauí,4754,4837,83
2898,MG,Água Comprida,2025,2108,83
2899,PB,Damião,4900,4982,82
2900,RS,Caraá,7312,7394,82
2901,RS,Nova Boa Vista,1960,2042,82
2902,SP,Sarutaiá,3622,3704,82
2903,MG,Juvenília,5708,5789,81
2904,PB,Solânea,26693,26774,81
2905,SC,Formosa do Sul,2601,2682,81
2906,PI,Várzea Grande,4336,4417,81
2907,MA,Sambaíba,5487,5568,81
2908,PR,Tupãssi,7997,8077,80
2909,PR,Jussara,6610,6690,80
2910,PE,Tuparetama,7925,8005,80
2911,MG,Alto Jequitibá,8318,8397,79
2912,SP,Sagres,2395,2474,79
2913,MG,Serrania,7542,7621,79
2914,PR,Ibaiti,28751,28830,79
2915,PI,Santo Antônio dos Milagres,2059,2138,79
2916,PB,Poço Dantas,3751,3830,79
2917,MG,Pequi,4076,4155,79
2918,PB,Areia de Baraúnas,1927,2005,78
2919,BA,Aratuípe,8599,8677,78
2920,SC,Timbé do Sul,5308,5386,78
2921,MT,União do Sul,3760,3838,78
2922,GO,Nova América,2259,2337,78
2923,TO,Miranorte,12623,12701,78
2924,RS,Monte Alegre dos Campos,3102,3180,78
2925,SP,Duartina,12251,12328,77
2926,TO,Taipas do Tocantins,1945,2021,76
2927,PB,Desterro,7991,8067,76
2928,PR,Kaloré,4506,4582,76
2929,SP,Ubarana,5289,5365,76
2930,GO,Ipiranga de Goiás,2844,2919,75
2931,PR,Faxinal,16314,16389,75
2932,SE,Aquidabã,20056,20131,75
2933,CE,Ipaumirim,12009,12083,74
2934,SE,Rosário do Catete,9221,9295,74
2935,SP,Águas de São Pedro,2707,2780,73
2936,MA,Sítio Novo,17002,17074,72
2937,RS,Barra do Guarita,3089,3161,72
2938,AL,Matriz de Camaragibe,23785,23857,72
2939,BA,Itapitanga,10207,10279,72
2940,MG,Aiuruoca,6162,6233,71
2941,PR,Lapa,44932,45003,71
2942,AL,Junqueiro,23836,23907,71
2943,TO,Porto Alegre do Tocantins,2796,2866,70
2944,PE,Carnaíba,18574,18644,70
2945,MG,Sapucaí-Mirim,6241,6311,70
2946,PR,Japira,4903,4972,69
2947,PI,Joaquim Pires,13817,13886,69
2948,MG,Ritápolis,4925,4994,69
2949,RJ,São José de Ubá,7003,7070,67
2950,PR,Atalaia,3913,3980,67
2951,AL,Campestre,6598,6665,67
2952,RS,Gentil,1677,1744,67
2953,SC,Sul Brasil,2766,2832,66
2954,SP,Mesópolis,1886,1952,66
2955,SP,São João de Iracema,1780,1846,66
2956,BA,Riacho de Santana,30646,30711,65
2957,PI,Miguel Leão,1253,1318,65
2958,CE,Poranga,12001,12065,64
2959,SC,Ibiam,1945,2008,63
2960,SP,Cananéia,12226,12289,63
2961,MG,Coimbra,7054,7117,63
2962,PR,Iretama,10622,10684,62
2963,MG,Frei Lagonegro,3329,3391,62
2964,PB,São Vicente do Seridó,10230,10291,61
2965,PB,Prata,3854,3915,61
2966,MT,Comodoro,18178,18238,60
2967,AL,Maribondo,13619,13679,60
2968,RS,Linha Nova,1624,1683,59
2969,MG,Baependi,18307,18366,59
2970,GO,Varjão,3659,3716,57
2971,PE,Jatobá,13963,14020,57
2972,SP,Vitória Brasil,1737,1794,57
2973,RS,Imigrante,3023,3080,57
2974,SP,Itariri,15471,15528,57
2975,SE,São Domingos,10271,10327,56
2976,SC,Calmon,3387,3443,56
2977,PR,Céu Azul,11032,11087,55
2978,SP,Gabriel Monteiro,2708,2763,55
2979,RS,Ilópolis,4102,4157,55
2980,SC,Bom Jesus do Oeste,2132,2187,55
2981,AL,Coqueiro Seco,5526,5581,55
2982,PR,Verê,7878,7932,54
2983,SC,Arroio Trinta,3502,3556,54
2984,RS,Itati,2584,2638,54
2985,TO,Rio da Conceição,1714,1768,54
2986,SC,Grão-Pará,6223,6277,54
2987,PI,Brejo do Piauí,3850,3904,54
2988,RN,Timbaúba dos Batistas,2295,2348,53
2989,RS,Augusto Pestana,7096,7149,53
2990,MG,São Gonçalo do Sapucaí,23906,23959,53
2991,MG,Matutina,3761,3814,53
2992,SP,Pontalinda,4074,4127,53
2993,PB,Coxixola,1771,1824,53
2994,GO,Campinaçu,3656,3708,52
2995,PI,Pedro Laurentino,2407,2458,51
2996,GO,Mara Rosa,10649,10700,51
2997,PR,Rio Negro,31274,31324,50
2998,MT,Juscimeira,11430,11480,50
2999,PI,Francisco Macedo,2879,2929,50
3000,RJ,Duas Barras,10930,10980,50
3001,SP,Ipaussu,13663,13712,49
3002,PB,Cuité de Mamanguape,6202,6251,49
3003,MG,Bugre,3992,4041,49
3004,SC,Lacerdópolis,2199,2248,49
3005,SE,Moita Bonita,11001,11050,49
3006,PI,Flores do Piauí,4366,4414,48
3007,SP,Cafelândia,16607,16654,47
3008,MG,Carmo de Minas,13750,13797,47
3009,MG,Uruana de Minas,3235,3282,47
3010,PR,Sulina,3394,3440,46
3011,PB,Paulista,11788,11834,46
3012,PB,Caraúbas,3899,3944,45
3013,TO,Itapiratins,3532,3577,45
3014,SP,Estrela do Norte,2658,2703,45
3015,PI,São Braz do Piauí,4313,4358,45
3016,PB,Curral de Cima,5209,5254,45
3017,PR,Anahy,2874,2918,44
3018,PB,São Sebastião do Umbuzeiro,3235,3279,44
3019,PB,Quixaba,1699,1743,44
3020,SC,Santa Helena,2382,2425,43
3021,RS,Pinheirinho do Vale,4497,4540,43
3022,PR,Alvorada do Sul,10283,10326,43
3023,PA,São João de Pirabas,20647,20689,42
3024,MG,Couto de Magalhães de Minas,4204,4245,41
3025,PR,Congonhinhas,8279,8320,41
3026,GO,Joviânia,7118,7159,41
3027,MG,Cajuri,4047,4088,41
3028,PR,São Manoel do Paraná,2098,2138,40
3029,RN,Januário Cicco,9011,9051,40
3030,MG,Alagoa,2709,2749,40
3031,TO,Silvanópolis,5068,5108,40
3032,MG,São Romão,10276,10315,39
3033,PE,Angelim,10202,10241,39
3034,MG,Cachoeira da Prata,3654,3693,39
3035,GO,Nova Aurora,2062,2101,39
3036,MG,Albertina,2913,2952,39
3037,RS,São Valentim do Sul,2168,2207,39
3038,TO,São Valério,4383,4422,39
3039,RN,Cruzeta,7967,8005,38
3040,RJ,Miracema,26843,26881,38
3041,MT,Curvelândia,4866,4903,37
3042,RN,Barcelona,3950,3986,36
3043,MG,São Domingos do Prata,17357,17392,35
3044,SC,Modelo,4045,4080,35
3045,RN,São João do Sabugi,5922,5956,34
3046,BA,Conde,23620,23654,34
3047,MG,Itapagipe,13656,13690,34
3048,SC,Celso Ramos,2771,2805,34
3049,PR,Renascença,6812,6845,33
3050,SC,Doutor Pedrinho,3604,3637,33
3051,MT,São Pedro da Cipa,4158,4191,33
3052,PI,Barro Duro,6607,6640,33
3053,SP,Aspásia,1809,1842,33
3054,MG,Natércia,4658,4691,33
3055,MG,Dom Silvério,5196,5228,32
3056,MA,Anajatuba,25291,25322,31
3057,RN,Montanhas,11413,11444,31
3058,MG,Maria da Fé,14216,14247,31
3059,MG,Santo Antônio do Rio Abaixo,1777,1808,31
3060,PI,Barreiras do Piauí,3234,3264,30
3061,GO,Ivolândia,2663,2693,30
3062,MG,Campo Azul,3684,3714,30
3063,MG,Seritinga,1789,1819,30
3064,SE,Nossa Senhora de Lourdes,6238,6268,30
3065,RS,Faxinal do Soturno,6672,6702,30
3066,PI,Paes Landim,4059,4088,29
3067,SP,Santana da Ponte Pensa,1641,1670,29
3068,AL,Santa Luzia do Norte,6891,6919,28
3069,SP,Ribeirão Grande,7422,7450,28
3070,PB,Poço de José de Moura,3978,4006,28
3071,RS,Esmeralda,3168,3195,27
3072,PE,Verdejante,9142,9169,27
3073,MG,Ubaí,11681,11708,27
3074,MA,Governador Archer,10205,10231,26
3075,RS,Protásio Alves,2000,2025,25
3076,MG,Pedro Teixeira,1785,1810,25
3077,SP,Suzanápolis,3383,3408,25
3078,PE,Jataúba,15819,15843,24
3079,RS,Vista Gaúcha,2759,2783,24
3080,PR,Barracão,9735,9759,24
3081,MT,Apiacás,8567,8590,23
3082,SC,Belmonte,2635,2658,23
3083,GO,Ouro Verde de Goiás,4034,4057,23
3084,MG,Conceição das Pedras,2749,2772,23
3085,SP,Guarantã,6404,6427,23
3086,SC,Santa Rosa de Lima,2065,2088,23
3087,MG,Olímpio Noronha,2533,2555,22
3088,PR,São João do Triunfo,13704,13726,22
3089,MS,Cassilândia,20966,20988,22
3090,TO,Lavandeira,1605,1626,21
3091,SP,Anhembi,5653,5674,21
3092,RN,Taboleiro Grande,2317,2338,21
3093,MG,Doresópolis,1440,1461,21
3094,RS,Vista Alegre do Prata,1569,1590,21
3095,ES,Pinheiros,23895,23915,20
3096,RS,Vanini,1984,2004,20
3097,PR,Bom Sucesso,6561,6581,20
3098,RJ,Itaocara,22899,22919,20
3099,MG,São Geraldo,10263,10282,19
3100,MG,Rio Doce,2465,2484,19
3101,SP,São Pedro do Turvo,7198,7217,19
3102,RS,Cristal,7280,7299,19
3103,MG,Grupiara,1373,1392,19
3104,RS,Santa Cecília do Sul,1655,1674,19
3105,MG,Bueno Brandão,10892,10911,19
3106,MG,Serra da Saudade,815,833,18
3107,SP,Elisiário,3120,3138,18
3108,PB,Pedra Branca,3721,3739,18
3109,PI,Beneditinos,9911,9929,18
3110,SP,Monteiro Lobato,4120,4138,18
3111,SC,Serra Alta,3285,3303,18
3112,SP,Álvares Florence,3897,3915,18
3113,SC,Presidente Nereu,2284,2301,17
3114,MA,Santo Antônio dos Lopes,14288,14304,16
3115,RN,Vera Cruz,10719,10735,16
3116,BA,Caém,10368,10384,16
3117,SC,Jacinto Machado,10609,10624,15
3118,MG,Chiador,2785,2800,15
3119,PB,São José do Brejo do Cruz,1684,1699,15
3120,PI,Júlio Borges,5373,5388,15
3121,RN,Monte das Gameleiras,2261,2276,15
3122,MG,Leopoldina,51130,51145,15
3123,RS,Capão do Cipó,3104,3119,15
3124,GO,Perolândia,2950,2964,14
3125,RS,Passo do Sobrado,6011,6025,14
3126,SE,Divina Pastora,4326,4340,14
3127,BA,Várzea da Roça,13786,13800,14
3128,SP,São João das Duas Pontes,2566,2580,14
3129,RS,São João do Polêsine,2635,2649,14
3130,SC,Lauro Müller,14367,14381,14
3131,PR,Salto do Itararé,5178,5192,14
3132,RJ,Trajano de Moraes,10289,10302,13
3133,MG,Heliodora,6121,6134,13
3134,PR,Boa Vista da Aparecida,7911,7924,13
3135,RS,Sertão Santana,5850,5863,13
3136,TO,Juarina,2231,2243,12
3137,AL,Taquarana,19020,19032,12
3138,RS,Dom Pedro de Alcântara,2550,2562,12
3139,AL,Pão de Açúcar,23811,23823,12
3140,RN,Porto do Mangue,5217,5228,11
3141,SE,Cumbe,3813,3824,11
3142,SP,Nova Europa,9300,9311,11
3143,PI,Olho D'Água do Piauí,2626,2637,11
3144,MG,Campestre,20686,20696,10
3145,SC,Jardinópolis,1766,1776,10
3146,PI,João Costa,2960,2970,10
3147,AP,Pracuúba,3793,3803,10
3148,RJ,Italva,14063,14073,10
3149,MT,Novo Santo Antônio,2005,2015,10
3150,PB,São José do Bonfim,3233,3242,9
3151,RN,Triunfo Potiguar,3368,3376,8
3152,GO,Novo Brasil,3519,3527,8
3153,BA,São José do Jacuípe,10180,10187,7
3154,SC,São Bernardino,2677,2684,7
3155,RS,Mormaço,2749,2756,7
3156,PI,São José do Piauí,6591,6597,6
3157,SC,Meleiro,7000,7006,6
3158,MG,Tapira,4112,4118,6
3159,MG,Mercês,10368,10373,5
3160,BA,Santana,24750,24755,5
3161,SP,Torrinha,9330,9335,5
3162,MG,Marilac,4219,4224,5
3163,PI,São Francisco de Assis do Piauí,5567,5572,5
3164,MG,Entre Folhas,5175,5179,4
3165,SP,União Paulista,1599,1603,4
3166,SC,Peritiba,2988,2992,4
3167,RS,Colinas,2420,2423,3
3168,RS,Boa Vista do Sul,2776,2779,3
3169,RJ,Silva Jardim,21349,21352,3
3170,SP,Bariri,31593,31595,2
3171,PI,Guadalupe,10268,10270,2
3172,PB,Pedro Régis,5765,5766,1
3173,MG,Carvalhópolis,3341,3341,0
3174,MA,Benedito Leite,5469,5469,0
3175,PA,Magalhães Barata,8115,8115,0
3176,PB,São Sebastião de Lagoa de Roça,11041,11040,-1
3177,SP,Guarani d'Oeste,1970,1968,-2
3178,BA,Caturama,8843,8841,-2
3179,PB,Tavares,14103,14101,-2
3180,SC,Mirim Doce,2513,2511,-2
3181,PI,Santo Inácio do Piauí,3648,3646,-2
3182,GO,Araçu,3802,3799,-3
3183,SP,Urânia,8836,8833,-3
3184,RN,Várzea,5236,5233,-3
3185,RS,Mato Queimado,1799,1795,-4
3186,TO,Tocantinópolis,22619,22615,-4
3187,BA,Araçás,11561,11557,-4
3188,PI,Manoel Emídio,5213,5209,-4
3189,MG,Serranos,1995,1990,-5
3190,RN,Afonso Bezerra,10844,10839,-5
3191,MG,Vargem Bonita,2163,2158,-5
3192,RS,Campestre da Serra,3247,3242,-5
3193,SP,Emilianópolis,3020,3014,-6
3194,PI,Redenção do Gurguéia,8400,8394,-6
3195,MG,Leandro Ferreira,3205,3199,-6
3196,RS,Caseiros,3007,3000,-7
3197,RS,Santa Vitória do Palmar,30990,30983,-7
3198,MG,Jacuí,7502,7495,-7
3199,RJ,Natividade,15082,15074,-8
3200,MS,Coxim,32159,32151,-8
3201,PR,Ipiranga,14150,14142,-8
3202,SP,Brejo Alegre,2573,2565,-8
3203,PE,Buíque,52105,52097,-8
3204,PI,Sussuapara,6229,6220,-9
3205,SP,Iepê,7628,7619,-9
3206,MG,Felício dos Santos,5142,5133,-9
3207,SC,São Carlos,10291,10282,-9
3208,PI,Santa Filomena,6096,6087,-9
3209,MG,Aracitaba,2058,2049,-9
3210,TO,Lagoa do Tocantins,3525,3516,-9
3211,PB,Ouro Velho,2928,2918,-10
3212,PR,Boa Esperança,4568,4558,-10
3213,SP,Salmourão,4818,4808,-10
3214,PR,Candói,14983,14973,-10
3215,BA,Coronel João Sá,17066,17056,-10
3216,BA,Buritirama,19600,19589,-11
3217,MG,Acaiaca,3920,3909,-11
3218,PR,Itaúna do Sul,3583,3572,-11
3219,SP,Oriente,6097,6085,-12
3220,MG,Douradoquara,1841,1829,-12
3221,GO,Itapuranga,26125,26113,-12
3222,GO,Cachoeira de Goiás,1417,1405,-12
3223,RS,Fagundes Varela,2579,2566,-13
3224,MG,Monte Belo,13061,13046,-15
3225,MG,Abaeté,22690,22675,-15
3226,SP,Inúbia Paulista,3630,3615,-15
3227,SP,Tapiraí,8012,7996,-16
3228,SP,Bom Sucesso de Itararé,3571,3555,-16
3229,PB,Santo André,2638,2622,-16
3230,BA,Pintadas,10342,10325,-17
3231,MG,Ibitiúra de Minas,3382,3365,-17
3232,PI,São Lourenço do Piauí,4427,4410,-17
3233,SP,Nova Campina,8515,8497,-18
3234,RO,Itapuã do Oeste,8566,8548,-18
3235,RN,Paraná,3952,3934,-18
3236,MG,Antônio Carlos,11114,11095,-19
3237,RS,Nova Alvorada,3182,3163,-19
3238,MG,Delfim Moreira,7971,7952,-19
3239,MG,Indianópolis,6190,6171,-19
3240,SC,Marema,2203,2184,-19
3241,MG,Jordânia,10324,10304,-20
3242,MG,Desterro do Melo,3015,2994,-21
3243,RS,Capão Bonito do Sul,1754,1733,-21
3244,SP,Nova Guataporanga,2177,2156,-21
3245,SP,Ouro Verde,7800,7779,-21
3246,MG,Umburatiba,2705,2684,-21
3247,PB,Jericó,7538,7516,-22
3248,BA,São Felipe,20305,20283,-22
3249,GO,Damolândia,2747,2724,-23
3250,MG,São Gonçalo do Rio Preto,3056,3032,-24
3251,RJ,Rio Claro,17425,17401,-24
3252,PA,Santarém Novo,6141,6116,-25
3253,PR,Planaltina do Paraná,4095,4070,-25
3254,MG,Guarda-Mor,6565,6539,-26
3255,MG,Serranópolis de Minas,4425,4399,-26
3256,SE,Ilha das Flores,8348,8321,-27
3257,SC,Irati,2096,2069,-27
3258,TO,Pindorama do Tocantins,4506,4478,-28
3259,PR,Guaporema,2219,2191,-28
3260,RN,Riacho de Santana,4156,4127,-29
3261,PB,São José de Piranhas,19096,19067,-29
3262,SP,Rubiácea,2729,2700,-29
3263,MG,Casa Grande,2244,2214,-30
3264,PR,Nova Esperança,26615,26585,-30
3265,PI,Geminiano,5475,5445,-30
3266,PR,Doutor Ulysses,5727,5697,-30
3267,MG,Vieiras,3731,3700,-31
3268,MG,Olaria,1976,1945,-31
3269,MG,Águas Formosas,18479,18448,-31
3270,MS,Alcinópolis,4569,4537,-32
3271,PE,Calçado,11125,11093,-32
3272,PA,Marapanim,26605,26573,-32
3273,PB,Serra Grande,2975,2942,-33
3274,PR,Arapuã,3561,3527,-34
3275,RS,Mostardas,12124,12090,-34
3276,RN,Água Nova,2980,2946,-34
3277,MG,Glaucilândia,2962,2928,-34
3278,PR,Lidianópolis,3973,3938,-35
3279,PI,Pavussu,3663,3628,-35
3280,SC,Leoberto Leal,3365,3330,-35
3281,SP,Magda,3200,3165,-35
3282,SC,Presidente Castello Branco,1725,1689,-36
3283,PR,Tunas do Paraná,6256,6219,-37
3284,GO,Cumari,2964,2927,-37
3285,RS,Cerro Grande,2417,2379,-38
3286,MA,Formosa da Serra Negra,17757,17719,-38
3287,MG,Naque,6341,6303,-38
3288,RN,Martins,8218,8179,-39
3289,RN,Santo Antônio,22216,22177,-39
3290,SC,Rio Rufino,2436,2397,-39
3291,SP,Tabapuã,11363,11323,-40
3292,RN,Caiçara do Rio do Vento,3308,3268,-40
3293,RN,Serra de São Bento,5743,5703,-40
3294,PI,Palmeira do Piauí,4993,4952,-41
3295,MA,Bacurituba,5293,5252,-41
3296,TO,Itaporã do Tocantins,2445,2404,-41
3297,PR,Sapopema,6736,6695,-41
3298,MS,Camapuã,13625,13583,-42
3299,RN,Ipueira,2077,2035,-42
3300,PI,Prata do Piauí,3085,3042,-43
3301,CE,Jaguaribara,10399,10356,-43
3302,RS,Montauri,1542,1499,-43
3303,PI,São João da Serra,6157,6114,-43
3304,MG,São Francisco de Sales,5776,5732,-44
3305,PR,Guamiranga,7900,7856,-44
3306,RN,Parazinho,4845,4801,-44
3307,MG,Piau,2841,2796,-45
3308,PE,Macaparana,23925,23879,-46
3309,RS,Esperança do Sul,3272,3226,-46
3310,MG,Conceição de Ipanema,4456,4409,-47
3311,RS,Faxinalzinho,2567,2520,-47
3312,SP,Avanhandava,11310,11263,-47
3313,MG,Bertópolis,4498,4451,-47
3314,PB,Olivedos,3627,3580,-47
3315,SP,Nantes,2707,2660,-47
3316,RS,Alto Alegre,1848,1800,-48
3317,RN,Carnaubais,9762,9714,-48
3318,SC,Macieira,1826,1778,-48
3319,RS,Santo Antônio do Palma,2139,2091,-48
3320,TO,Ipueiras,1639,1590,-49
3321,MA,Senador Alexandre Costa,10256,10207,-49
3322,MG,Carneirinho,9471,9422,-49
3323,RS,Bozano,2200,2151,-49
3324,MG,Ingaí,2629,2580,-49
3325,SP,Divinolândia,11208,11158,-50
3326,PI,Assunção do Piauí,7503,7452,-51
3327,MG,Aricanduva,4770,4719,-51
3328,RN,Campo Redondo,10266,10215,-51
3329,BA,Maiquinique,8782,8731,-51
3330,RS,Paulo Bento,2196,2144,-52
3331,RS,Soledade,30044,29991,-53
3332,SP,Lutécia,2714,2661,-53
3333,MG,Pedra do Anta,3365,3311,-54
3334,SP,Sandovalina,3699,3645,-54
3335,BA,Jeremoabo,37680,37626,-54
3336,RS,Ernestina,3088,3034,-54
3337,SC,Major Vieira,7479,7425,-54
3338,RN,Galinhos,2159,2104,-55
3339,SC,Abdon Batista,2653,2598,-55
3340,RS,Sobradinho,14283,14226,-57
3341,RS,Maratá,2527,2470,-57
3342,MA,São João do Carú,12309,12251,-58
3343,PI,Pio IX,17671,17613,-58
3344,MG,Centralina,10266,10207,-59
3345,TO,Maurilândia do Tocantins,3154,3095,-59
3346,MS,Miranda,25595,25536,-59
3347,BA,Santanópolis,8776,8716,-60
3348,RS,São José do Norte,25503,25443,-60
3349,AM,Juruá,10802,10742,-60
3350,MG,Santo Antônio do Amparo,17345,17285,-60
3351,SP,São Luiz do Paraitinga,10397,10337,-60
3352,PR,Jataizinho,11875,11813,-62
3353,SC,São Bonifácio,3008,2946,-62
3354,MG,Araçaí,2243,2181,-62
3355,SP,Nova Castilho,1125,1062,-63
3356,BA,Santa Inês,10363,10300,-63
3357,SC,Frei Rogério,2474,2411,-63
3358,MG,Soledade de Minas,5676,5613,-63
3359,MG,Novo Oriente de Minas,10339,10275,-64
3360,SC,Major Gercino,3279,3214,-65
3361,PI,Francisco Ayres,4477,4412,-65
3362,MG,Tabuleiro,4079,4014,-65
3363,BA,Maetinga,7038,6973,-65
3364,SP,Barra do Chapéu,5244,5179,-65
3365,RN,José da Penha,5868,5803,-65
3366,PB,Carrapateira,2378,2312,-66
3367,SP,Cabrália Paulista,4365,4299,-66
3368,RS,Paverama,8044,7978,-66
3369,RS,Santo Augusto,13968,13902,-66
3370,PR,Jardim Olinda,1409,1343,-66
3371,MG,Santa Maria de Itabira,10552,10485,-67
3372,SP,Oscar Bressane,2537,2470,-67
3373,RS,Hulha Negra,6043,5976,-67
3374,RS,Dois Irmãos das Missões,2157,2090,-67
3375,RS,Espumoso,15240,15173,-67
3376,MG,Passa Quatro,15582,15515,-67
3377,SP,Bento de Abreu,2674,2606,-68
3378,PR,Rio Azul,14093,14025,-68
3379,GO,São Simão,17088,17020,-68
3380,PI,Landri Sales,5281,5213,-68
3381,PR,Cafeara,2695,2627,-68
3382,SE,Carira,20007,19939,-68
3383,TO,Santa Terezinha do Tocantins,2474,2406,-68
3384,MG,Icaraí de Minas,10746,10677,-69
3385,PR,Cruzeiro do Sul,4563,4494,-69
3386,SP,Dirce Reis,1689,1620,-69
3387,PR,Santa Inês,1818,1748,-70
3388,RS,São José do Ouro,6904,6834,-70
3389,SC,Riqueza,4838,4768,-70
3390,GO,Mimoso de Goiás,2685,2614,-71
3391,SP,Tarabai,6607,6536,-71
3392,RS,Cotiporã,3917,3846,-71
3393,MG,Veríssimo,3483,3411,-72
3394,RS,Vila Lângaro,2152,2079,-73
3395,SC,Atalanta,3300,3227,-73
3396,BA,Boninal,13695,13622,-73
3397,CE,Caririaçu,26393,26320,-73
3398,SC,Águas de Chapecó,6110,6036,-74
3399,SP,Planalto,4463,4389,-74
3400,PI,Morro do Chapéu do Piauí,6499,6425,-74
3401,CE,Altaneira,6856,6782,-74
3402,MG,Guidoval,7206,7131,-75
3403,PB,Joca Claudino,2615,2539,-76
3404,GO,Jaupaci,3000,2924,-76
3405,SP,Aguaí,32148,32072,-76
3406,MA,Porto Rico do Maranhão,6030,5954,-76
3407,PI,Riacho Frio,4241,4165,-76
3408,GO,Palmelo,2335,2259,-76
3409,PB,Nazarezinho,7280,7203,-77
3410,PI,Campo Alegre do Fidalgo,4693,4616,-77
3411,SC,Matos Costa,2839,2761,-78
3412,GO,Aloândia,2051,1973,-78
3413,BA,Anagé,25516,25438,-78
3414,GO,Moiporá,1763,1685,-78
3415,PI,Monsenhor Gil,10333,10255,-78
3416,PR,Arapoti,25855,25777,-78
3417,MA,Feira Nova do Maranhão,8126,8048,-78
3418,SC,Guarujá do Sul,4908,4829,-79
3419,MS,Corguinho,4862,4783,-79
3420,BA,São Miguel das Matas,10414,10334,-80
3421,SP,Sud Mennucci,7435,7355,-80
3422,RS,André da Rocha,1216,1135,-81
3423,SP,Nova Canaã Paulista,2114,2032,-82
3424,RS,Aratiba,6565,6483,-82
3425,MA,São Francisco do Maranhão,12146,12064,-82
3426,SP,Clementina,7065,6982,-83
3427,MA,Serrano do Maranhão,10286,10202,-84
3428,MG,Paiva,1558,1474,-84
3429,PE,Itacuruba,4369,4284,-85
3430,PI,São João da Fronteira,5608,5522,-86
3431,RS,Forquetinha,2479,2393,-86
3432,PI,Dom Inocêncio,9245,9159,-86
3433,MG,Onça de Pitangui,3055,2969,-86
3434,MG,Piedade de Ponte Nova,4062,3976,-86
3435,MT,Araguainha,1096,1010,-86
3436,SP,Pongaí,3481,3395,-86
3437,SP,Espírito Santo do Turvo,4244,4157,-87
3438,PR,Quinta do Sol,5088,5001,-87
3439,PB,Frei Martinho,2933,2846,-87
3440,PR,Itaguajé,4568,4481,-87
3441,MG,São João do Pacuí,4060,3972,-88
3442,GO,Santa Rosa de Goiás,2909,2820,-89
3443,MA,Cedral,10297,10208,-89
3444,MA,Tufilândia,5596,5507,-89
3445,RJ,Santa Maria Madalena,10321,10232,-89
3446,PR,Mirador,2327,2238,-89
3447,PE,Itapetim,13881,13791,-90
3448,PR,Iguatu,2234,2144,-90
3449,MG,Nova Era,17528,17438,-90
3450,TO,Brasilândia do Tocantins,2064,1974,-90
3451,PA,Igarapé-Açu,35887,35797,-90
3452,PR,Rio Branco do Ivaí,3898,3808,-90
3453,SC,Ouro Verde,2271,2181,-90
3454,RN,Jaçanã,7925,7834,-91
3455,PR,Maria Helena,5956,5865,-91
3456,MG,Queluzito,1861,1770,-91
3457,PR,Bom Sucesso do Sul,3293,3202,-91
3458,PR,Tapira,5836,5745,-91
3459,PI,Lagoa de São Francisco,6422,6331,-91
3460,PI,Jurema,4517,4425,-92
3461,RS,Muliterno,1813,1721,-92
3462,MG,Botelhos,14920,14828,-92
3463,MG,Bom Sucesso,17243,17151,-92
3464,PE,Bonito,37566,37474,-92
3465,SC,Lindóia do Sul,4642,4549,-93
3466,BA,Quixabeira,9554,9461,-93
3467,SC,Ponte Alta do Norte,3303,3210,-93
3468,TO,Crixás do Tocantins,1564,1470,-94
3469,MG,Caputira,9030,8936,-94
3470,BA,Santa Brígida,15060,14965,-95
3471,GO,Anhanguera,1020,924,-96
3472,SP,Populina,4223,4127,-96
3473,MG,Oliveira Fortes,2123,2027,-96
3474,MG,Santana do Garambéu,2234,2137,-97
3475,GO,Uruana,13826,13729,-97
3476,RS,Almirante Tamandaré do Sul,2067,1969,-98
3477,MG,Capitão Enéas,14206,14108,-98
3478,RS,Fortaleza dos Valos,4575,4477,-98
3479,RS,Marques de Souza,4068,3969,-99
3480,MG,Minduri,3840,3741,-99
3481,MG,Campo do Meio,11476,11377,-99
3482,MT,Rondolândia,3604,3505,-99
3483,MG,Guapé,13872,13772,-100
3484,PR,Jundiaí do Sul,3433,3333,-100
3485,SP,Embaúba,2423,2323,-100
3486,MG,Vargem Grande do Rio Pardo,4733,4633,-100
3487,SC,Vidal Ramos,6290,6189,-101
3488,RN,Lagoa de Velhos,2668,2567,-101
3489,PB,Nova Palmeira,4361,4259,-102
3490,ES,Vila Valério,13830,13728,-102
3491,RS,Turuçu,3522,3419,-103
3492,RS,Vale Verde,3253,3150,-103
3493,PB,Conceição,18363,18260,-103
3494,SC,Descanso,8634,8530,-104
3495,MG,Araponga,8152,8048,-104
3496,TO,Aurora do Tocantins,3446,3342,-104
3497,SC,Ibicaré,3373,3269,-104
3498,RS,São Valério do Sul,2647,2543,-104
3499,PR,Enéas Marques,6103,5999,-104
3500,SP,Sabino,5217,5112,-105
3501,MG,Piedade do Rio Grande,4709,4604,-105
3502,SE,Amparo do São Francisco,2275,2170,-105
3503,TO,Talismã,2562,2456,-106
3504,PB,Gurinhém,13872,13766,-106
3505,RS,Nova Pádua,2450,2343,-107
3506,SC,Novo Horizonte,2750,2643,-107
3507,SP,Taquaral,2726,2619,-107
3508,RJ,Conceição de Macabu,21211,21104,-107
3509,MG,José Raydan,4376,4268,-108
3510,PR,Nova Aliança do Ivaí,1431,1323,-108
3511,PI,Jacobina do Piauí,5722,5613,-109
3512,RS,Muitos Capões,2988,2879,-109
3513,PB,Serra da Raiz,3204,3094,-110
3514,PR,Wenceslau Braz,19298,19188,-110
3515,AL,Jundiá,4202,4092,-110
3516,RS,Novo Xingu,1757,1646,-111
3517,RN,Frutuoso Gomes,4233,4122,-111
3518,PI,Nova Santa Rita,4187,4076,-111
3519,RS,Morrinhos do Sul,3182,3071,-111
3520,MG,Congonhas do Norte,4943,4831,-112
3521,SP,Turiúba,1930,1818,-112
3522,RS,Santo Expedito do Sul,2461,2349,-112
3523,SP,Echaporã,6318,6205,-113
3524,MG,Santana do Deserto,3860,3747,-113
3525,RS,Monte Belo do Sul,2670,2557,-113
3526,RN,São Bento do Trairí,3905,3792,-113
3527,PB,Água Branca,9449,9335,-114
3528,MT,Tabaporã,9932,9818,-114
3529,PB,Bom Jesus,2400,2286,-114
3530,SP,Alvinlândia,3000,2885,-115
3531,TO,Carmolândia,2316,2201,-115
3532,GO,Estrela do Norte,3320,3205,-115
3533,RS,Sagrada Família,2595,2480,-115
3534,RS,Anta Gorda,6073,5957,-116
3535,AL,Coité do Nóia,10926,10810,-116
3536,MA,Graça Aranha,6140,6023,-117
3537,MG,Santa Helena de Minas,6055,5938,-117
3538,MG,Dom Bosco,3814,3697,-117
3539,PR,São Tomé,5349,5232,-117
3540,RS,Planalto,10524,10406,-118
3541,PB,São João do Cariri,4344,4226,-118
3542,RS,Coronel Pilar,1725,1607,-118
3543,SP,Areias,3696,3577,-119
3544,ES,Alfredo Chaves,13955,13836,-119
3545,RN,Bodó,2425,2306,-119
3546,PR,Adrianópolis,6376,6256,-120
3547,CE,Banabuiú,17315,17195,-120
3548,PR,Esperança Nova,1970,1849,-121
3549,SC,São Miguel da Boa Vista,1904,1781,-123
3550,PR,Ariranha do Ivaí,2453,2329,-124
3551,MG,Tocos do Moji,3950,3826,-124
3552,MG,Jequitinhonha,24131,24007,-124
3553,MG,Quartel Geral,3303,3179,-124
3554,PE,Serrita,18331,18207,-124
3555,SP,Catiguá,7127,7003,-124
3556,PI,Guaribas,4401,4276,-125
3557,MA,Lima Campos,11423,11297,-126
3558,RS,Minas do Leão,7631,7505,-126
3559,AP,Amapá,8069,7943,-126
3560,BA,Muniz Ferreira,7317,7190,-127
3561,MG,Pintópolis,7211,7084,-127
3562,MG,Nova Módica,3790,3663,-127
3563,SC,Capão Alto,2753,2625,-128
3564,PI,Jardim do Mulato,4309,4180,-129
3565,RN,Rafael Godeiro,3063,2934,-129
3566,MG,Cedro do Abaeté,1210,1081,-129
3567,RS,São Pedro das Missões,1886,1757,-129
3568,TO,Figueirópolis,5340,5211,-129
3569,BA,Botuporã,11154,11024,-130
3570,MA,Pio XII,22016,21886,-130
3571,RS,Novo Tiradentes,2277,2146,-131
3572,RS,Arroio do Padre,2730,2599,-131
3573,SP,Pontes Gestal,2518,2387,-131
3574,RS,Chiapetta,4044,3913,-131
3575,SC,Bela Vista do Toldo,6004,5872,-132
3576,MG,Santana de Cataguases,3622,3489,-133
3577,TO,Pequizeiro,5054,4921,-133
3578,MG,Antônio Prado de Minas,1671,1538,-133
3579,PB,Condado,6584,6451,-133
3580,PB,São João do Tigre,4396,4263,-133
3581,RS,Santiago,49071,48938,-133
3582,MG,Carvalhos,4556,4422,-134
3583,RS,Cristal do Sul,2826,2692,-134
3584,SP,Itirapuã,5914,5779,-135
3585,AL,Pindoba,2866,2731,-135
3586,GO,Uirapuru,2933,2798,-135
3587,SP,Pedrinhas Paulista,2940,2804,-136
3588,SC,União do Oeste,2910,2774,-136
3589,GO,Água Fria de Goiás,5090,4954,-136
3590,RS,Pouso Novo,1875,1739,-136
3591,PR,Rio Bom,3334,3197,-137
3592,PB,Dona Inês,10517,10380,-137
3593,SC,Painel,2353,2215,-138
3594,GO,Guarinos,2299,2161,-138
3595,PI,Miguel Alves,32289,32150,-139
3596,BA,Elísio Medrado,7947,7808,-139
3597,PR,Virmond,3950,3811,-139
3598,RS,Tavares,5351,5212,-139
3599,GO,Santa Cruz de Goiás,3142,3002,-140
3600,PR,Campina do Simão,4076,3936,-140
3601,SE,Ribeirópolis,17173,17033,-140
3602,RS,Nova Bréscia,3184,3044,-140
3603,MA,Esperantinópolis,18452,18311,-141
3604,PI,Vila Nova do Piauí,3076,2935,-141
3605,RS,Senador Salgado Filho,2814,2673,-141
3606,MG,Itambé do Mato Dentro,2283,2142,-141
3607,AL,Olho d'Água do Casado,8491,8349,-142
3608,RS,Doutor Ricardo,2030,1888,-142
3609,PE,Mirandiba,14308,14166,-142
3610,MG,Felixlândia,14121,13978,-143
3611,PR,Borrazópolis,7878,7735,-143
3612,RN,Lucrécia,3633,3490,-143
3613,PR,Nova Londrina,13067,12923,-144
3614,MG,Arapuá,2775,2631,-144
3615,PR,Cruzeiro do Iguaçu,4278,4133,-145
3616,MG,Cascalho Rico,2857,2712,-145
3617,RN,Serrinha,6581,6436,-145
3618,RS,Condor,6552,6406,-146
3619,MG,Pedrinópolis,3490,3344,-146
3620,MA,Anapurus,13939,13793,-146
3621,PI,São Miguel do Fidalgo,2976,2829,-147
3622,PB,Barra de Santana,8206,8059,-147
3623,BA,Nova Ibiá,6648,6501,-147
3624,GO,Santa Isabel,3686,3538,-148
3625,PE,Nazaré da Mata,30796,30648,-148
3626,MT,Vale de São Domingos,3052,2904,-148
3627,PI,Floresta do Piauí,2482,2333,-149
3628,SC,Alto Bela Vista,2005,1856,-149
3629,RN,Pedra Preta,2590,2441,-149
3630,SE,São Francisco,3393,3243,-150
3631,RJ,Laje do Muriaé,7487,7336,-151
3632,RS,Canudos do Vale,1807,1656,-151
3633,BA,Barra do Mendes,13987,13836,-151
3634,BA,Ibirataia,18943,18792,-151
3635,MG,Rio Preto,5292,5141,-151
3636,RS,Pedras Altas,2212,2061,-151
3637,PR,Alto Paraíso,3206,3055,-151
3638,CE,Potiretama,6126,5974,-152
3639,PB,Salgadinho,3508,3355,-153
3640,PR,Rosário do Ivaí,5588,5435,-153
3641,CE,Chaval,12615,12462,-153
3642,BA,Antônio Gonçalves,11015,10862,-153
3643,RS,Boa Vista do Incra,2425,2271,-154
3644,GO,Davinópolis,2056,1902,-154
3645,RS,Três Forquilhas,2914,2760,-154
3646,MG,São Pedro da União,5040,4885,-155
3647,BA,Chorrochó,10734,10579,-155
3648,BA,Aiquara,4602,4447,-155
3649,GO,Água Limpa,2013,1858,-155
3650,MA,Bernardo do Mearim,5996,5840,-156
3651,TO,Palmeirante,4954,4798,-156
3652,RS,Vespasiano Corrêa,1974,1818,-156
3653,GO,Santo Antônio da Barra,4423,4267,-156
3654,MG,Itaverava,5799,5642,-157
3655,PI,Agricolândia,5098,4940,-158
3656,BA,Barro Alto,13612,13453,-159
3657,PB,Cuitegi,6889,6730,-159
3658,RS,Coxilha,2826,2667,-159
3659,RO,Pimenteiras do Oeste,2315,2156,-159
3660,MG,Belmiro Braga,3403,3244,-159
3661,AM,Guajará,13974,13815,-159
3662,PB,Mato Grosso,2702,2543,-159
3663,PI,Sigefredo Pacheco,9619,9460,-159
3664,SC,Palma Sola,7765,7605,-160
3665,TO,Chapada da Natividade,3277,3117,-160
3666,MG,Caparaó,5209,5048,-161
3667,SP,Óleo,2673,2512,-161
3668,PI,Jatobá do Piauí,4656,4494,-162
3669,RS,Travesseiro,2314,2152,-162
3670,SP,Ribeirão dos Índios,2187,2025,-162
3671,SC,Irineópolis,10448,10285,-163
3672,CE,Deputado Irapuan Pinheiro,9095,8932,-163
3673,PB,Pilões,6978,6815,-163
3674,AL,São Brás,6718,6555,-163
3675,MG,Ressaquinha,4711,4548,-163
3676,SP,Arapeí,2493,2330,-163
3677,MG,Consolação,1727,1563,-164
3678,SE,Canhoba,3956,3791,-165
3679,RS,Eugênio de Castro,2798,2633,-165
3680,TO,Sucupira,1742,1577,-165
3681,SC,Mondaí,10231,10066,-165
3682,MG,Passabém,1766,1600,-166
3683,GO,Amaralina,3434,3268,-166
3684,PA,São Francisco do Pará,15060,14894,-166
3685,SP,Cruzália,2274,2108,-166
3686,PR,Nossa Senhora das Graças,3836,3669,-167
3687,PI,Alto Longá,13646,13479,-167
3688,PE,Taquaritinga do Norte,24903,24736,-167
3689,SP,Platina,3192,3025,-167
3690,PI,Santo Antônio de Lisboa,6007,5839,-168
3691,PI,Caldeirão Grande do Piauí,5671,5503,-168
3692,MA,Presidente Vargas,10717,10549,-168
3693,MG,Ibituruna,2866,2698,-168
3694,PI,Arraial,4688,4520,-168
3695,MG,Berizal,4370,4201,-169
3696,PB,Casserengue,7058,6889,-169
3697,PB,Princesa Isabel,21283,21114,-169
3698,SP,Santa Maria da Serra,5413,5243,-170
3699,RN,Jardim de Angicos,2607,2437,-170
3700,PB,Monte Horebe,4508,4338,-170
3701,SE,Siriri,8004,7834,-170
3702,MG,Japonvar,8298,8127,-171
3703,RS,Vista Alegre,2832,2660,-172
3704,RS,São Domingos do Sul,2926,2754,-172
3705,PI,Parnaguá,10276,10103,-173
3706,TO,Jaú do Tocantins,3507,3334,-173
3707,GO,Guarani de Goiás,4258,4085,-173
3708,RN,Serra Negra do Norte,7770,7597,-173
3709,SC,Ipira,4752,4578,-174
3710,RN,Francisco Dantas,2874,2700,-174
3711,PB,Umbuzeiro,9298,9124,-174
3712,MG,Miraí,13808,13633,-175
3713,RS,Ponte Preta,1750,1575,-175
3714,SP,Pedregulho,15700,15525,-175
3715,PR,Conselheiro Mairinck,3636,3461,-175
3716,PR,Boa Ventura de São Roque,6554,6378,-176
3717,TO,Pugmil,2369,2193,-176
3718,GO,Buritinópolis,3321,3145,-176
3719,RN,Rodolfo Fernandes,4418,4242,-176
3720,SP,Júlio Mesquita,4430,4254,-176
3721,PI,Santa Luz,5513,5336,-177
3722,GO,Jesúpolis,2300,2123,-177
3723,SP,Lourdes,2128,1950,-178
3724,GO,Córrego do Ouro,2632,2454,-178
3725,PB,Santa Teresinha,4581,4402,-179
3726,GO,Adelândia,2477,2297,-180
3727,SP,Novais,4592,4412,-180
3728,RS,Boa Vista das Missões,2114,1933,-181
3729,RS,Guabiju,1598,1417,-181
3730,RS,Morro Redondo,6227,6046,-181
3731,SC,Vargem,2808,2627,-181
3732,RS,Dois Lajeados,3278,3097,-181
3733,RS,Cambará do Sul,6542,6361,-181
3734,PB,Vieirópolis,5045,4864,-181
3735,MG,São Félix de Minas,3382,3200,-182
3736,AL,Roteiro,6656,6474,-182
3737,SP,Macaubal,7663,7481,-182
3738,SP,Timburi,2646,2464,-182
3739,TO,São Sebastião do Tocantins,4283,4100,-183
3740,RS,Ibiaçá,4710,4527,-183
3741,MG,Tapiraí,1873,1690,-183
3742,SP,Restinga,6587,6404,-183
3743,MT,Indiavaí,2397,2213,-184
3744,RN,Almino Afonso,4871,4687,-184
3745,MA,Presidente Juscelino,11541,11356,-185
3746,PE,Quixaba,6739,6554,-185
3747,RN,Maxaranguape,10441,10255,-186
3748,PR,Lindoeste,5361,5175,-186
3749,PR,Marilândia do Sul,8863,8677,-186
3750,TO,Cachoeirinha,2148,1961,-187
3751,MG,Faria Lemos,3376,3188,-188
3752,GO,Guaraíta,2376,2188,-188
3753,MG,Alpinópolis,18488,18300,-188
3754,PI,Domingos Mourão,4264,4075,-189
3755,SE,Poço Verde,21983,21794,-189
3756,ES,Mucurici,5655,5466,-189
3757,MG,Porteirinha,37627,37438,-189
3758,MG,Cachoeira Dourada,2505,2315,-190
3759,RS,Muçum,4791,4601,-190
3760,MG,Luislândia,6400,6210,-190
3761,MG,Monjolos,2360,2169,-191
3762,RS,Independência,6618,6427,-191
3763,SP,São Francisco,2793,2602,-191
3764,BA,Muritiba,28899,28707,-192
3765,BA,Igrapiúna,13343,13151,-192
3766,PE,Canhotinho,24521,24329,-192
3767,PR,Ourizona,3380,3187,-193
3768,BA,Uibaí,13625,13432,-193
3769,RO,São Miguel do Guaporé,21828,21635,-193
3770,BA,Candiba,13210,13016,-194
3771,MG,Rio Novo,8712,8518,-194
3772,RS,Tuparendi,8557,8363,-194
3773,MG,Dores de Guanhães,5223,5029,-194
3774,PI,Porto Alegre do Piauí,2559,2364,-195
3775,SP,Monções,2132,1937,-195
3776,SC,Monte Carlo,9312,9117,-195
3777,MS,Rio Negro,5036,4841,-195
3778,PI,Santa Cruz do Piauí,6027,5831,-196
3779,SE,Pedra Mole,2974,2778,-196
3780,MG,Wenceslau Braz,2553,2356,-197
3781,RS,Gaurama,5862,5665,-197
3782,PB,Gado Bravo,8376,8179,-197
3783,PE,Bom Jardim,37826,37629,-197
3784,ES,Iconha,12523,12326,-197
3785,BA,Valente,24560,24362,-198
3786,GO,Nova Glória,8508,8310,-198
3787,PR,Nova América da Colina,3478,3280,-198
3788,PE,Lagoa do Ouro,12132,11933,-199
3789,RS,Tupanci do Sul,1573,1374,-199
3790,MG,Comendador Gomes,2972,2773,-199
3791,GO,Itarumã,6300,6101,-199
3792,MG,Senhora de Oliveira,5683,5483,-200
3793,PE,Santa Cruz da Baixa Verde,11768,11567,-201
3794,BA,Gavião,4561,4360,-201
3795,PR,Sertaneja,5817,5616,-201
3796,BA,Arataca,10392,10191,-201
3797,PI,Avelino Lopes,11067,10866,-201
3798,MG,Alvinópolis,15261,15059,-202
3799,RS,Quevedos,2710,2507,-203
3800,BA,Aramari,10036,9833,-203
3801,PI,São João da Canabrava,4445,4242,-203
3802,GO,Bonópolis,3503,3299,-204
3803,GO,Paraúna,10863,10659,-204
3804,MG,Oliveira,39466,39262,-204
3805,MG,São Vicente de Minas,7008,6804,-204
3806,RN,Passa e Fica,11100,10896,-204
3807,MA,Sucupira do Norte,10444,10238,-206
3808,SP,Torre de Pedra,2254,2046,-208
3809,PI,Ribeira do Piauí,4263,4055,-208
3810,PE,Pesqueira,62931,62722,-209
3811,MG,Romaria,3596,3386,-210
3812,SC,Barra Bonita,1878,1668,-210
3813,RJ,Cambuci,14827,14616,-211
3814,SC,Santa Cecília,15757,15546,-211
3815,RS,Boa Vista do Cadeado,2441,2229,-212
3816,MG,Argirita,2901,2688,-213
3817,BA,Ituaçu,18127,17914,-213
3818,PB,Curral Velho,2505,2292,-213
3819,MG,Piranga,17232,17018,-214
3820,TO,Santa Maria do Tocantins,2894,2680,-214
3821,BA,Nazaré,27274,27060,-214
3822,PR,Xambrê,6012,5798,-214
3823,SP,Águas da Prata,7584,7369,-215
3824,RS,Santa Tereza,1720,1505,-215
3825,PR,Santa Mônica,3571,3356,-215
3826,SP,Rancharia,28804,28588,-216
3827,CE,Santana do Cariri,17170,16954,-216
3828,GO,Heitoraí,3571,3354,-217
3829,SP,Taiaçu,5894,5677,-217
3830,SC,Vargem Bonita,4793,4576,-217
3831,PE,Alagoinha,13759,13542,-217
3832,TO,Goianorte,4956,4738,-218
3833,MS,Novo Horizonte do Sul,4940,4721,-219
3834,MG,Ponto Chique,3966,3747,-219
3835,MG,Santo Antônio do Itambé,4135,3915,-220
3836,CE,Arneiroz,7650,7429,-221
3837,MG,Cantagalo,4195,3974,-221
3838,MG,Coronel Pacheco,2983,2762,-221
3839,PI,Wall Ferraz,4280,4059,-221
3840,RS,Campinas do Sul,5506,5284,-222
3841,PB,Serra Redonda,7050,6828,-222
3842,GO,Formoso,4883,4660,-223
3843,MA,Centro do Guilherme,12565,12342,-223
3844,RS,Quatro Irmãos,1775,1552,-223
3845,MG,Goiabeira,3053,2830,-223
3846,TO,Tupiratins,2097,1874,-223
3847,MS,Batayporã,10936,10712,-224
3848,RS,Aceguá,4394,4170,-224
3849,PE,Terezinha,6737,6513,-224
3850,SP,Casa Branca,28307,28083,-224
3851,RS,Ipiranga do Sul,1944,1720,-224
3852,AL,São Sebastião,32010,31786,-224
3853,SP,São José do Barreiro,4077,3853,-224
3854,PA,São Caetano de Odivelas,16891,16666,-225
3855,PB,Juripiranga,10237,10012,-225
3856,BA,Itabela,28390,28165,-225
3857,RS,Vitória das Missões,3485,3260,-225
3858,RS,Benjamin Constant do Sul,2307,2082,-225
3859,SP,Ribeira,3358,3132,-226
3860,RS,Jari,3575,3349,-226
3861,SC,Campo Belo do Sul,7483,7257,-226
3862,PB,São Francisco,3364,3137,-227
3863,GO,Panamá,2682,2455,-227
3864,TO,Novo Jardim,2457,2230,-227
3865,SE,Itabi,4972,4745,-227
3866,PI,São Félix do Piauí,3069,2842,-227
3867,RS,Ivorá,2156,1929,-227
3868,TO,Bernardo Sayão,4456,4229,-227
3869,PI,Milton Brandão,6769,6542,-227
3870,MG,Formoso,8177,7949,-228
3871,RS,Pejuçara,3973,3745,-228
3872,MT,Salto do Céu,3908,3679,-229
3873,PR,Rancho Alegre D'Oeste,2847,2618,-229
3874,MT,Glória D'Oeste,3135,2905,-230
3875,PR,Figueira,8293,8062,-231
3876,RS,Engenho Velho,1527,1296,-231
3877,TO,Riachinho,4191,3960,-231
3878,MS,Santa Rita do Pardo,7259,7027,-232
3879,RS,Bom Progresso,2328,2096,-232
3880,RS,Erval Grande,5163,4930,-233
3881,PR,Santo Antônio do Caiuá,2727,2493,-234
3882,PA,Medicilândia,27328,27094,-234
3883,RS,Campina das Missões,6117,5882,-235
3884,MG,Cordislândia,3435,3200,-235
3885,PI,Cajazeiras do Piauí,3343,3108,-235
3886,AL,Olivença,11047,10812,-235
3887,AP,Cutias,4696,4461,-235
3888,RS,Caiçara,5071,4836,-235
3889,PR,Iracema do Oeste,2578,2343,-235
3890,RJ,Carmo,17434,17198,-236
3891,BA,Baianópolis,13850,13614,-236
3892,PB,São João do Rio do Peixe,18201,17964,-237
3893,MG,Santa Rita de Jacutinga,4993,4755,-238
3894,RS,Humaitá,4919,4681,-238
3895,RS,Coqueiro Baixo,1528,1290,-238
3896,RJ,Bom Jesus do Itabapoana,35411,35173,-238
3897,MG,São João Evangelista,15553,15315,-238
3898,SP,Marabá Paulista,4812,4573,-239
3899,MG,Frei Gaspar,5879,5640,-239
3900,GO,Palestina de Goiás,3371,3132,-239
3901,RN,Jandaíra,6801,6562,-239
3902,RS,Carlos Gomes,1607,1368,-239
3903,MG,São José do Goiabal,5636,5396,-240
3904,GO,Novo Planalto,3956,3716,-240
3905,MA,Mirinzal,14218,13978,-240
3906,RS,Cândido Godói,6535,6294,-241
3907,MG,Fernandes Tourinho,3030,2789,-241
3908,SE,Cedro de São João,5633,5391,-242
3909,PR,Corumbataí do Sul,4002,3760,-242
3910,GO,Caiapônia,16757,16513,-244
3911,ES,Muniz Freire,18397,18153,-244
3912,RN,Itaú,5564,5320,-244
3913,RS,Centenário,2965,2721,-244
3914,PR,Bela Vista do Paraíso,15079,14833,-246
3915,MG,Bandeira,4987,4741,-246
3916,MG,Andrelândia,12173,11927,-246
3917,TO,Natividade,9000,8754,-246
3918,RS,Coqueiros do Sul,2457,2211,-246
3919,MS,Brasilândia,11826,11579,-247
3920,MG,Biquinhas,2630,2383,-247
3921,BA,Esplanada,32802,32554,-248
3922,PA,Chaves,21005,20757,-248
3923,GO,Mundo Novo,6438,6189,-249
3924,GO,Americano do Brasil,5508,5259,-249
3925,MG,Morro da Garça,2660,2411,-249
3926,PI,Dom Expedito Lopes,6569,6320,-249
3927,RS,Caibaté,4954,4704,-250
3928,SP,Dois Córregos,24761,24510,-251
3929,BA,Paratinga,29504,29252,-252
3930,MG,Córrego Novo,3127,2875,-252
3931,PI,São Luis do Piauí,2561,2309,-252
3932,AM,Anamã,10214,9962,-252
3933,SP,Marinópolis,2113,1860,-253
3934,PI,Hugo Napoleão,3771,3518,-253
3935,SP,Iporanga,4299,4046,-253
3936,RS,Inhacorá,2267,2014,-253
3937,SP,Bananal,10223,9969,-254
3938,BA,Érico Cardoso,10859,10604,-255
3939,RS,Gramado dos Loureiros,2269,2014,-255
3940,RS,Rolador,2546,2291,-255
3941,MG,Papagaios,14175,13920,-255
3942,SP,Motuca,4290,4034,-256
3943,SP,Igaraçu do Tietê,23362,23106,-256
3944,RS,Victor Graeff,3036,2780,-256
3945,ES,Rio Novo do Sul,11325,11069,-256
3946,MG,Cássia,17412,17155,-257
3947,PR,Floraí,5050,4792,-258
3948,RS,Dilermando de Aguiar,3064,2806,-258
3949,MG,Virginópolis,10572,10314,-258
3950,PB,Cuité,19978,19719,-259
3951,MG,Ouro Verde de Minas,6016,5757,-259
3952,PE,Cedro,10778,10518,-260
3953,PB,São Domingos,2855,2595,-260
3954,SP,Alto Alegre,4102,3841,-261
3955,SC,Galvão,3472,3210,-262
3956,SP,Parapuã,10844,10580,-264
3957,MA,São Mateus do Maranhão,39093,38829,-264
3958,SE,São Miguel do Aleixo,3698,3434,-264
3959,RS,Três Arroios,2855,2591,-264
3960,SC,Cerro Negro,3581,3317,-264
3961,RN,Severiano Melo,5752,5487,-265
3962,RS,Cacique Doble,4868,4603,-265
3963,RS,São João da Urtiga,4726,4461,-265
3964,SP,Flora Rica,1752,1487,-265
3965,SC,São Domingos,9491,9226,-265
3966,PB,Cacimba de Areia,3557,3291,-266
3967,PB,Lagoa,4681,4415,-266
3968,MG,Coqueiral,9289,9023,-266
3969,CE,Nova Russas,30965,30699,-266
3970,SP,Riolândia,10575,10309,-266
3971,MG,Morro do Pilar,3399,3133,-266
3972,SC,Iraceminha,4253,3986,-267
3973,PI,São João da Varjota,4651,4383,-268
3974,MG,Lamim,3452,3184,-268
3975,MG,São José da Safira,4075,3806,-269
3976,RS,Áurea,3665,3396,-269
3977,MG,Alpercata,7172,6903,-269
3978,PR,Cruzmaltina,3162,2892,-270
3979,SP,Floreal,3003,2733,-270
3980,MT,Jangada,7696,7426,-270
3981,MA,Nova Iorque,4590,4320,-270
3982,RS,Manoel Viana,7072,6801,-271
3983,SP,Piquerobi,3537,3264,-273
3984,SP,Pirajuí,22704,22431,-273
3985,PB,Pitimbu,17024,16751,-273
3986,MA,Governador Luiz Rocha,7337,7063,-274
3987,RS,Nova Ramada,2437,2163,-274
3988,PI,Padre Marcos,6657,6382,-275
3989,MG,Monte Formoso,4656,4381,-275
3990,SP,Sete Barras,13005,12730,-275
3991,MG,Varzelândia,19116,18840,-276
3992,MA,Gonçalves Dias,17482,17206,-276
3993,PR,Curiúva,13923,13647,-276
3994,PR,Ventania,9957,9681,-276
3995,AL,Messias,15682,15405,-277
3996,PB,São Mamede,7748,7470,-278
3997,PR,Peabiru,13624,13346,-278
3998,RN,Paraú,3859,3579,-280
3999,SP,Pracinha,2858,2578,-280
4000,PR,Santa Cecília do Pavão,3646,3365,-281
4001,PR,Santa Lúcia,3925,3644,-281
4002,MG,Santa Rita de Ibitipoca,3583,3301,-282
4003,BA,Caraíbas,10222,9940,-282
4004,PB,Nova Olinda,6070,5787,-283
4005,PR,Santo Antônio do Paraíso,2408,2125,-283
4006,ES,Itarana,10881,10597,-284
4007,MG,Estrela Dalva,2470,2186,-284
4008,BA,Morpará,8280,7996,-284
4009,MG,Angelândia,8003,7718,-285
4010,GO,Mutunópolis,3849,3564,-285
4011,TO,Itacajá,7104,6819,-285
4012,PR,Roncador,11537,11251,-286
4013,PB,Livramento,7164,6877,-287
4014,RS,Novo Cabrais,3855,3568,-287
4015,RN,Coronel Ezequiel,5405,5117,-288
4016,PI,Eliseu Martins,4665,4377,-288
4017,PE,Passira,28628,28340,-288
4018,PR,Lunardelli,5160,4872,-288
4019,PE,Correntes,17419,17131,-288
4020,CE,Lavras da Mangabeira,31090,30802,-288
4021,SP,Iacri,6419,6131,-288
4022,MG,Carmo da Cachoeira,11836,11547,-289
4023,MG,Cambuquira,12602,12313,-289
4024,ES,Apiacá,7512,7223,-289
4025,RN,Pedro Velho,14114,13824,-290
4026,BA,Tanquinho,8008,7717,-291
4027,PI,Bocaina,4369,4078,-291
4028,PI,Coronel José Dias,4541,4250,-291
4029,GO,Goiandira,5265,4973,-292
4030,RS,São Martinho,5773,5481,-292
4031,RS,Porto Vera Cruz,1852,1560,-292
4032,RS,Colorado,3550,3258,-292
4033,PB,Cajazeirinhas,3033,2740,-293
4034,RS,Sete de Setembro,2124,1830,-294
4035,RS,Saldanha Marinho,2869,2575,-294
4036,RS,Jacutinga,3633,3338,-295
4037,BA,Riachão das Neves,21937,21642,-295
4038,TO,Conceição do Tocantins,4182,3887,-295
4039,SE,Pinhão,5973,5677,-296
4040,MG,São Francisco de Paula,6483,6187,-296
4041,MG,Diogo de Vasconcelos,3848,3549,-299
4042,TO,Angico,3175,2876,-299
4043,MA,Bela Vista do Maranhão,12049,11750,-299
4044,MT,Dom Aquino,8171,7872,-299
4045,SP,Pradópolis,17377,17078,-299
4046,CE,Canindé,74473,74174,-299
4047,MA,São Félix de Balsas,4702,4402,-300
4048,MT,Canabrava do Norte,4786,4485,-301
4049,PE,Triunfo,15006,14705,-301
4050,RS,Ubiretama,2296,1994,-302
4051,PR,Ivatuba,3010,2708,-302
4052,RS,São José do Herval,2204,1902,-302
4053,GO,Campos Belos,18410,18108,-302
4054,SP,Borborema,14529,14226,-303
4055,PI,Tanque do Piauí,2620,2316,-304
4056,MA,Maranhãozinho,14065,13761,-304
4057,MG,Dom Cavati,5209,4904,-305
4058,CE,Aratuba,11529,11224,-305
4059,RN,Bento Fernandes,5113,4807,-306
4060,PB,Emas,3317,3011,-306
4061,BA,Teofilândia,21482,21176,-306
4062,PI,São José do Divino,5148,4841,-307
4063,RS,Barra do Rio Azul,2003,1696,-307
4064,MA,Montes Altos,9413,9106,-307
4065,RS,Sede Nova,3011,2704,-307
4066,MS,Eldorado,11694,11386,-308
4067,RS,Charqueadas,35320,35012,-308
4068,BA,Ibipitanga,14171,13863,-308
4069,SP,Turmalina,1978,1669,-309
4070,PR,Boa Esperança do Iguaçu,2764,2455,-309
4071,SE,Gararu,11405,11096,-309
4072,PR,Fênix,4802,4492,-310
4073,PB,Duas Estradas,3638,3327,-311
4074,PB,Santa Inês,3539,3227,-312
4075,RS,Maçambará,4738,4425,-313
4076,MG,Januária,65463,65150,-313
4077,SP,Santa Adélia,14333,14018,-315
4078,PE,Vertente do Lério,7873,7558,-315
4079,GO,Teresina de Goiás,3016,2701,-315
4080,MG,Camacho,3154,2838,-316
4081,BA,Coribe,14307,13990,-317
4082,MG,Cana Verde,5589,5272,-317
4083,BA,Crisópolis,20046,19729,-317
4084,MS,Sonora,14833,14516,-317
4085,RS,União da Serra,1487,1170,-317
4086,PB,Diamante,6616,6299,-317
4087,RS,Bom Jesus,11519,11202,-317
4088,SE,Santo Amaro das Brotas,11410,11092,-318
4089,MG,Santa Cruz do Escalvado,4992,4673,-319
4090,RS,Jaboticaba,4098,3779,-319
4091,TO,Nova Olinda,10686,10367,-319
4092,SP,Presidente Alves,4123,3804,-319
4093,PI,Itainópolis,11109,10790,-319
4094,SC,Santa Terezinha do Progresso,2896,2576,-320
4095,BA,Mirante,10507,10187,-320
4096,PR,Jardim Alegre,12324,12004,-320
4097,PB,Santana de Mangueira,5331,5010,-321
4098,PB,Catingueira,4812,4491,-321
4099,RS,Dona Francisca,3401,3079,-322
4100,PR,Capitão Leônidas Marques,14970,14648,-322
4101,PR,Pinhão,30208,29886,-322
4102,CE,Baixio,6026,5704,-322
4103,PE,São Vicente Férrer,17000,16677,-323
4104,MG,Mamonas,6321,5997,-324
4105,TO,Ponte Alta do Bom Jesus,4544,4220,-324
4106,PB,Manaíra,10759,10434,-325
4107,PR,São João do Caiuá,5911,5586,-325
4108,AL,Tanque d'Arca,6122,5796,-326
4109,MG,Santo Antônio do Retiro,6955,6629,-326
4110,RS,Pedro Osório,7811,7484,-327
4111,GO,Israelândia,2887,2560,-327
4112,PR,Salgado Filho,4403,4075,-328
4113,SC,Saltinho,3961,3632,-329
4114,PI,Acauã,6749,6420,-329
4115,SP,Luiziânia,5030,4701,-329
4116,PR,Uniflor,2466,2136,-330
4117,MG,Itabirinha,10692,10362,-330
4118,AL,Jacaré dos Homens,5413,5083,-330
4119,RN,Antônio Martins,6907,6577,-330
4120,BA,Contendas do Sincorá,4663,4333,-330
4121,PI,Lagoa do Sítio,4850,4520,-330
4122,PA,Garrafão do Norte,25034,24703,-331
4123,MG,Itapecerica,21377,21046,-331
4124,GO,Arenópolis,3277,2946,-331
4125,MG,Arceburgo,9509,9177,-332
4126,GO,Trombas,3452,3120,-332
4127,MG,Mathias Lobato,3370,3038,-332
4128,MG,Ipiaçu,4107,3775,-332
4129,PR,Antônio Olinto,7351,7018,-333
4130,PI,Paquetá,4147,3813,-334
4131,MG,Bonfinópolis de Minas,5865,5528,-337
4132,SC,Anita Garibaldi,8623,8285,-338
4133,RS,Ibirapuitã,4061,3723,-338
4134,TO,Fátima,3805,3467,-338
4135,MT,Barão de Melgaço,7591,7253,-338
4136,PR,Diamante do Sul,3510,3171,-339
4137,PB,Riachão,3266,2927,-339
4138,SP,Ibirarema,6725,6385,-340
4139,MG,Cristiano Otoni,5007,4667,-340
4140,RS,Sério,2281,1941,-340
4141,MA,Primeira Cruz,13954,13614,-340
4142,MG,Capitão Andrade,4925,4585,-340
4143,SC,Ouro,7372,7032,-340
4144,BA,Angical,14073,13732,-341
4145,RS,São Martinho da Serra,3201,2860,-341
4146,MA,Passagem Franca,17562,17220,-342
4147,MG,Fronteira dos Vales,4687,4345,-342
4148,MT,Nova Guarita,4932,4590,-342
4149,RO,Castanheiras,3575,3233,-342
4150,MG,São Geraldo do Baixio,3486,3143,-343
4151,GO,Montividiu do Norte,4122,3779,-343
4152,RS,São Vicente do Sul,8440,8097,-343
4153,TO,Dueré,4592,4248,-344
4154,MG,Monte Santo de Minas,21234,20890,-344
4155,MG,Juramento,4113,3768,-345
4156,MG,Antônio Dias,9565,9219,-346
4157,MG,Gameleiras,5139,4793,-346
4158,RS,Chuvisca,4944,4597,-347
4159,RS,Barra do Ribeiro,12572,12225,-347
4160,PR,Bituruna,15880,15533,-347
4161,TO,Recursolândia,3768,3421,-347
4162,MA,São João do Soter,17238,16889,-349
4163,PR,São Jorge do Ivaí,5517,5168,-349
4164,RS,Floriano Peixoto,2018,1668,-350
4165,MG,Gouveia,11681,11331,-350
4166,MA,Icatu,25145,24794,-351
4167,MG,Catas Altas da Noruega,3462,3110,-352
4168,RS,Mariano Moro,2210,1858,-352
4169,PE,Sairé,11240,10887,-353
4170,MG,São Tomás de Aquino,7093,6740,-353
4171,GO,Mossâmedes,5007,4654,-353
4172,MG,Santana dos Montes,3822,3469,-353
4173,MG,São Sebastião do Rio Preto,1613,1259,-354
4174,MG,Caranaíba,3288,2933,-355
4175,PI,Itaueira,10678,10323,-355
4176,PI,Francisco Santos,8592,8237,-355
4177,MG,São José do Jacuri,6553,6197,-356
4178,RS,Tucunduva,5898,5542,-356
4179,PB,Fagundes,11405,11049,-356
4180,GO,Araguapaz,7510,7153,-357
4181,SP,General Salgado,10669,10312,-357
4182,PR,Manfrinópolis,3127,2770,-357
4183,RS,Vila Nova do Sul,4221,3863,-358
4184,PE,Terra Nova,9278,8920,-358
4185,PI,Sebastião Barros,3560,3202,-358
4186,PR,Centenário do Sul,11190,10832,-358
4187,RS,São José das Missões,2720,2362,-358
4188,TO,Arraias,10645,10287,-358
4189,RS,Relvado,2155,1796,-359
4190,PI,Santa Cruz dos Milagres,3794,3435,-359
4191,GO,Turvânia,4839,4480,-359
4192,RS,Dezesseis de Novembro,2866,2507,-359
4193,PR,Godoy Moreira,3337,2977,-360
4194,SP,Caiabu,4072,3712,-360
4195,MG,Francisco Dumont,4863,4503,-360
4196,SC,Brunópolis,2850,2489,-361
4197,PE,Ibimirim,26954,26593,-361
4198,PR,Flor da Serra do Sul,4726,4364,-362
4199,MS,Caracol,5398,5036,-362
4200,MG,Santa Bárbara do Tugúrio,4570,4208,-362
4201,RS,David Canabarro,4683,4321,-362
4202,MA,Lagoa do Mato,10934,10572,-362
4203,GO,Baliza,3714,3351,-363
4204,MG,Catuti,5102,4739,-363
4205,PI,Pajeú do Piauí,3363,3000,-363
4206,SP,Altair,3815,3451,-364
4207,TO,Palmeirópolis,7339,6975,-364
4208,MA,Santa Filomena do Maranhão,7061,6697,-364
4209,SP,Aparecida d'Oeste,4450,4086,-364
4210,PR,Tomazina,8791,8426,-365
4211,MS,Jardim,24346,23981,-365
4212,RS,São Miguel das Missões,7421,7056,-365
4213,GO,Aurilândia,3650,3284,-366
4214,SC,Lebon Régis,11838,11472,-366
4215,CE,Ereré,6840,6474,-366
4216,RN,Sítio Novo,5020,4654,-366
4217,MG,Veredinha,5549,5181,-368
4218,RS,São Valentim,3632,3264,-368
4219,RN,Marcelino Vieira,8265,7896,-369
4220,SC,Bom Jardim da Serra,4395,4026,-369
4221,AL,Água Branca,19377,19008,-369
4222,MG,São José do Divino,3834,3464,-370
4223,TO,Carrasco Bonito,3688,3318,-370
4224,SP,Jaborandi,6592,6221,-371
4225,GO,Matrinchã,4414,4042,-372
4226,SP,Lupércio,4353,3981,-372
4227,PR,Diamante do Norte,5516,5142,-374
4228,PB,Bom Sucesso,5035,4661,-374
4229,MA,Boa Vista do Gurupi,7949,7574,-375
4230,MG,Brás Pires,4637,4260,-377
4231,PR,Mariluz,10224,9847,-377
4232,PB,Aroeiras,19082,18705,-377
4233,SP,Itapura,4357,3979,-378
4234,MG,São Francisco do Glória,5178,4800,-378
4235,SP,Santópolis do Aguapeí,4277,3899,-378
4236,PR,Terra Rica,15221,14842,-379
4237,PR,Campo Bonito,4407,4027,-380
4238,PI,Socorro do Piauí,4522,4141,-381
4239,AL,Feliz Deserto,4345,3963,-382
4240,MG,Corinto,23914,23532,-382
4241,SC,Ponte Serrada,11031,10649,-382
4242,MG,Pai Pedro,5934,5551,-383
4243,BA,Bom Jesus da Serra,10113,9730,-383
4244,GO,São Miguel do Araguaia,22283,21900,-383
4245,MG,Ipuiúna,9521,9135,-386
4246,ES,São Roque do Canaã,11273,10886,-387
4247,MG,Felisburgo,6877,6489,-388
4248,RS,Herveiras,2954,2565,-389
4249,RN,Ruy Barbosa,3595,3206,-389
4250,MG,Itamarati de Minas,4079,3690,-389
4251,RN,Olho d'Água do Borges,4295,3905,-390
4252,TO,Araguacema,6317,5927,-390
4253,SC,Passos Maia,4425,4034,-391
4254,PI,Pimenteiras,11733,11341,-392
4255,MG,Novorizonte,4963,4571,-392
4256,MG,Santana do Jacaré,4607,4214,-393
4257,SC,Coronel Martins,2458,2065,-393
4258,PR,Paranapoema,2791,2398,-393
4259,MG,Capela Nova,4755,4362,-393
4260,PR,Leópolis,4145,3752,-393
4261,MT,Tesouro,3418,3025,-393
4262,RS,Putinga,4141,3747,-394
4263,PE,Ibirajuba,7534,7140,-394
4264,MG,Conceição da Barra de Minas,3954,3560,-394
4265,SC,Palmitos,16020,15626,-394
4266,RS,Entre Rios do Sul,3080,2685,-395
4267,RS,Ibiraiaras,7171,6776,-395
4268,MG,Raul Soares,23818,23423,-395
4269,PB,Cachoeira dos Índios,9546,9151,-395
4270,GO,Nova Roma,3471,3076,-395
4271,RS,Toropi,2952,2554,-398
4272,PB,Ibiara,6031,5631,-400
4273,MT,Novo Horizonte do Norte,3749,3349,-400
4274,RN,São Rafael,8111,7711,-400
4275,AL,Quebrangulo,11480,11080,-400
4276,RS,Porto Mauá,2542,2142,-400
4277,BA,São José da Vitória,5715,5315,-400
4278,PI,Novo Oriente do Piauí,6498,6097,-401
4279,MG,Pratápolis,8807,8406,-401
4280,MG,Arinos,17674,17272,-402
4281,PI,São José do Peixe,3700,3297,-403
4282,SP,Mariápolis,3916,3513,-403
4283,RN,Japi,5522,5117,-405
4284,BA,Ibipeba,17008,16603,-405
4285,PE,Camutanga,8156,7750,-406
4286,ES,Afonso Cláudio,31091,30684,-407
4287,MG,Paineiras,4631,4224,-407
4288,MG,Tumiritinga,6293,5886,-407
4289,RS,Itapuca,2344,1937,-407
4290,TO,Nova Rosalândia,3770,3362,-408
4291,SP,Irapuã,7275,6867,-408
4292,MG,Conceição do Rio Verde,12949,12541,-408
4293,BA,Antônio Cardoso,11554,11146,-408
4294,PA,Irituia,31364,30955,-409
4295,BA,Lajedinho,3936,3527,-409
4296,PR,Santa Amélia,3803,3394,-409
4297,PI,Aroazes,5779,5369,-410
4298,RS,Lagoa Bonita do Sul,2662,2251,-411
4299,PI,Passagem Franca do Piauí,4546,4135,-411
4300,MA,Vitória do Mearim,31217,30805,-412
4301,MT,Feliz Natal,10933,10521,-412
4302,RS,Mata,5111,4698,-413
4303,MG,Cruzeiro da Fortaleza,3934,3521,-413
4304,RN,Taipu,11836,11422,-414
4305,MG,Sem-Peixe,2847,2433,-414
4306,MG,Brazópolis,14661,14246,-415
4307,PR,Porto Amazonas,4514,4098,-416
4308,GO,Diorama,2479,2062,-417
4309,PE,Calumbi,5648,5228,-420
4310,MT,Nova Canaã do Norte,12127,11707,-420
4311,MG,Baldim,7913,7492,-421
4312,RS,Silveira Martins,2449,2028,-421
4313,CE,Pacoti,11607,11186,-421
4314,MG,Augusto de Lima,4960,4538,-422
4315,PI,Regeneração,17556,17133,-423
4316,MS,Jateí,4011,3586,-425
4317,MT,Porto Estrela,3649,3224,-425
4318,MG,São Miguel do Anta,6760,6334,-426
4319,MA,Duque Bacelar,10649,10223,-426
4320,MS,Guia Lopes da Laguna,10366,9940,-426
4321,SP,Glicério,4565,4138,-427
4322,RS,Miraguaí,4855,4427,-428
4323,RO,Machadinho D'Oeste,31135,30707,-428
4324,MG,Serra Azul de Minas,4220,3792,-428
4325,RS,Estação,6011,5582,-429
4326,MG,Jequeri,12848,12419,-429
4327,AL,Minador do Negrão,5275,4845,-430
4328,MG,Senhora do Porto,3497,3067,-430
4329,MG,Córrego Danta,3391,2960,-431
4330,MG,Bias Fortes,3793,3361,-432
4331,MG,Abadia dos Dourados,6704,6272,-432
4332,PR,Farol,3472,3039,-433
4333,RJ,Mendes,17935,17502,-433
4334,SP,Salesópolis,15635,15202,-433
4335,PI,Novo Santo Antônio,3260,2827,-433
4336,RJ,Vassouras,34410,33976,-434
4337,RS,Braga,3702,3268,-434
4338,SP,Cândido Mota,29884,29449,-435
4339,BA,Ribeira do Amparo,14276,13841,-435
4340,TO,Centenário,2566,2131,-435
4341,PB,Mãe d'Água,4019,3583,-436
4342,RS,Severiano de Almeida,3842,3406,-436
4343,RN,Governador Dix-Sept Rosado,12374,11938,-436
4344,CE,Mucambo,14102,13666,-436
4345,AL,Piranhas,23045,22609,-436
4346,SC,Anchieta,6380,5943,-437
4347,RN,Acari,11035,10597,-438
4348,PB,São José da Lagoa Tapada,7564,7126,-438
4349,RS,Derrubadas,3190,2751,-439
4350,PI,Colônia do Piauí,7433,6994,-439
4351,TO,Novo Alegre,2286,1846,-440
4352,MA,São Raimundo do Doca Bezerra,6090,5650,-440
4353,RJ,Cantagalo,19830,19390,-440
4354,PR,Guaraqueçaba,7871,7430,-441
4355,PB,Arara,12653,12212,-441
4356,PR,Rancho Alegre,3955,3512,-443
4357,MG,Presidente Juscelino,3908,3465,-443
4358,RS,Ronda Alta,10221,9777,-444
4359,MA,Buriti Bravo,22899,22455,-444
4360,GO,Pilar de Goiás,2773,2328,-445
4361,PR,Mangueirinha,17048,16603,-445
4362,GO,Fazenda Nova,6322,5877,-445
4363,MG,Santa Fé de Minas,3968,3522,-446
4364,RS,Itacurubi,3441,2995,-446
4365,PI,Isaías Coelho,8221,7774,-447
4366,RO,Primavera de Rondônia,3524,3076,-448
4367,PR,Presidente Castelo Branco,4784,4336,-448
4368,MA,Godofredo Viana,10635,10186,-449
4369,SP,Murutinga do Sul,4186,3737,-449
4370,SP,Areiópolis,10579,10130,-449
4371,MT,Reserva do Cabaçal,2572,2122,-450
4372,MG,Joaquim Felício,4305,3854,-451
4373,SP,Santa Rosa de Viterbo,23862,23411,-451
4374,PE,São Joaquim do Monte,20488,20037,-451
4375,PR,Alto Piquiri,10179,9727,-452
4376,PR,Inajá,2988,2536,-452
4377,RS,Capela de Santana,11612,11159,-453
4378,SC,Água Doce,6961,6508,-453
4379,RS,Unistalda,2450,1995,-455
4380,PB,Brejo dos Santos,6198,5742,-456
4381,SE,Pirambu,8369,7913,-456
4382,SC,Ponte Alta,4894,4437,-457
4383,CE,Abaiara,10496,10038,-458
4384,PR,Porto Vitória,4020,3562,-458
4385,RO,Seringueiras,11629,11171,-458
4386,RN,Jardim do Seridó,12113,11655,-458
4387,TO,Wanderlândia,10981,10522,-459
4388,RN,São Pedro,6235,5776,-459
4389,SP,Cardoso,11805,11345,-460
4390,TO,Brejinho de Nazaré,5185,4725,-460
4391,MG,Ponto dos Volantes,11345,10883,-462
4392,RN,Equador,5822,5360,-462
4393,PE,Itambé,35398,34935,-463
4394,MG,Leme do Prado,4804,4341,-463
4395,SP,Itaporanga,14549,14085,-464
4396,PR,Ribeirão do Pinhal,13524,13060,-464
4397,RN,Riacho da Cruz,3165,2701,-464
4398,PB,Coremas,15149,14683,-466
4399,BA,Nilo Peçanha,12530,12063,-467
4400,RS,Jacuizinho,2507,2040,-467
4401,MG,São Pedro do Suaçuí,5570,5103,-467
4402,MA,Itaipava do Grajaú,14297,13828,-469
4403,MG,Alvarenga,4444,3975,-469
4404,MG,Guaraciaba,10223,9753,-470
4405,PR,Diamante D'Oeste,5027,4557,-470
4406,PI,Campinas do Piauí,5408,4938,-470
4407,PB,Salgado de São Félix,11976,11505,-471
4408,PR,São José da Boa Vista,6511,6040,-471
4409,PI,Rio Grande do Piauí,6273,5801,-472
4410,MT,Santo Afonso,2991,2519,-472
4411,GO,Cachoeira Dourada,8254,7782,-472
4412,MA,Cajapió,10593,10121,-472
4413,RJ,Porciúncula,17760,17288,-472
4414,PI,Cristalândia do Piauí,7831,7356,-475
4415,SP,Avaí,4959,4483,-476
4416,PR,Marquinho,4981,4504,-477
4417,MG,Barra Longa,6143,5666,-477
4418,BA,Licínio de Almeida,12311,11834,-477
4419,PR,Guaraci,5227,4748,-479
4420,MT,Nortelândia,6436,5956,-480
4421,PI,Palmeirais,13745,13264,-481
4422,ES,Ponto Belo,6979,6497,-482
4423,CE,Pereiro,15757,15274,-483
4424,MG,Periquito,7036,6553,-483
4425,RS,Campo Novo,5459,4975,-484
4426,GO,Hidrolina,4029,3545,-484
4427,GO,Santa Rita do Novo Destino,3173,2689,-484
4428,RS,Redentora,10222,9738,-484
4429,MG,Santa Cruz de Salinas,4397,3910,-487
4430,RS,Jaquirana,4177,3690,-487
4431,RN,Pilões,3453,2965,-488
4432,PB,Ingá,18180,17692,-488
4433,BA,Jiquiriçá,14118,13629,-489
4434,SC,Xavantina,4142,3653,-489
4435,MG,Machacalis,6976,6487,-489
4436,MG,Sardoá,5594,5104,-490
4437,PR,Foz do Jordão,5420,4926,-494
4438,BA,Nova Redenção,8034,7538,-496
4439,AL,Mar Vermelho,3652,3155,-497
4440,SP,Pindorama,15039,14542,-497
4441,RS,Pirapó,2757,2260,-497
4442,AL,Girau do Ponciano,36600,36102,-498
4443,PI,Santa Rosa do Piauí,5149,4650,-499
4444,MT,Acorizal,5516,5014,-502
4445,MG,Laranjal,6465,5963,-502
4446,TO,Barrolândia,5349,4846,-503
4447,GO,Divinópolis de Goiás,4962,4457,-505
4448,RS,Cruzaltense,2141,1635,-506
4449,PR,São Jerônimo da Serra,11337,10830,-507
4450,PI,Canavieira,3921,3414,-507
4451,SP,Guzolândia,4754,4246,-508
4452,MG,Divinolândia de Minas,7024,6516,-508
4453,PI,Jaicós,18035,17527,-508
4454,PB,Igaracy,6156,5648,-508
4455,MA,Joselândia,15433,14924,-509
4456,SE,Malhador,12042,11533,-509
4457,MA,Humberto de Campos,26189,25680,-509
4458,PR,Mamborê,13961,13452,-509
4459,BA,Pé de Serra,13752,13243,-509
4460,SP,Auriflama,14202,13692,-510
4461,BA,Firmino Alves,5384,4873,-511
4462,MG,Itacarambi,17720,17208,-512
4463,MG,Amparo do Serra,5053,4541,-512
4464,PE,Barra de Guabiraba,12776,12263,-513
4465,SP,Dourado,8609,8096,-513
4466,RN,Lajes,10381,9866,-515
4467,RS,São Paulo das Missões,6364,5846,-518
4468,PI,Alegrete do Piauí,5153,4634,-519
4469,GO,Vila Boa,4735,4215,-520
4470,MG,Santo Hipólito,3238,2717,-521
4471,RS,Lavras do Sul,7679,7157,-522
4472,PI,Alagoinha do Piauí,7341,6819,-522
4473,SC,Porto União,33493,32970,-523
4474,PR,Abatiá,7764,7241,-523
4475,SC,Bom Retiro,8942,8418,-524
4476,TO,Aliança do Tocantins,5671,5147,-524
4477,PB,Santa Cruz,6471,5947,-524
4478,TO,São Salvador do Tocantins,2910,2385,-525
4479,RN,João Dias,2601,2076,-525
4480,RS,Barracão,5357,4831,-526
4481,PB,Aguiar,5530,5003,-527
4482,RS,Rondinha,5518,4991,-527
4483,BA,Manoel Vitorino,14387,13860,-527
4484,MG,Capetinga,7089,6562,-527
4485,MG,Santa Maria do Salto,5284,4755,-529
4486,MG,Paulistas,4918,4389,-529
4487,SC,Tangará,8674,8143,-531
4488,SP,Getulina,10765,10232,-533
4489,GO,Itaguaru,5437,4904,-533
4490,PE,Solidão,5744,5210,-534
4491,PA,Brejo Grande do Araguaia,7317,6783,-534
4492,BA,Cardeal da Silva,8899,8365,-534
4493,CE,Jaguaruana,32236,31701,-535
4494,RS,Ajuricaba,7255,6720,-535
4495,RN,Coronel João Pessoa,4772,4237,-535
4496,MT,Rio Branco,5070,4535,-535
4497,BA,Barra do Rocha,6313,5775,-538
4498,MG,Itaú de Minas,14945,14406,-539
4499,MA,São José dos Basílios,7496,6957,-539
4500,MG,Santana da Vargem,7231,6691,-540
4501,RN,Luís Gomes,9610,9070,-540
4502,PI,Buriti dos Montes,7974,7434,-540
4503,PR,Pérola d'Oeste,6761,6221,-540
4504,MG,Pavão,8589,8047,-542
4505,RS,Viadutos,5311,4769,-542
4506,SP,Promissão,35674,35131,-543
4507,PB,Boa Ventura,5751,5207,-544
4508,ES,Itaguaçu,14134,13589,-545
4509,BA,Mirangaba,16279,15734,-545
4510,BA,Lamarão,9560,9015,-545
4511,TO,Pau D'Arco,4588,4043,-545
4512,RS,Garruchos,3234,2688,-546
4513,BA,Apuarema,7459,6913,-546
4514,PR,Nova Tebas,7398,6848,-550
4515,MA,Alto Alegre do Maranhão,24599,24048,-551
4516,PR,Mato Rico,3818,3267,-551
4517,PB,Bonito de Santa Fé,10804,10252,-552
4518,BA,Feira da Mata,6184,5631,-553
4519,PR,Porto Barreiro,3663,3110,-553
4520,RN,Ielmo Marinho,12171,11615,-556
4521,MT,Araputanga,15342,14786,-556
4522,RS,Estrela Velha,3628,3070,-558
4523,SP,Itápolis,40051,39493,-558
4524,MG,Pescador,4128,3570,-558
4525,GO,Portelândia,3839,3280,-559
4526,GO,Gouvelândia,4949,4390,-559
4527,SE,Arauá,10878,10318,-560
4528,BA,Várzea do Poço,8661,8101,-560
4529,MG,Santa Efigênia de Minas,4600,4039,-561
4530,RS,Pontão,3857,3296,-561
4531,RS,Herval,6753,6191,-562
4532,MT,Poconé,31779,31217,-562
4533,MA,Miranda do Norte,24427,23864,-563
4534,PR,São Sebastião da Amoreira,8626,8063,-563
4535,RS,Camaquã,62764,62200,-564
4536,MG,Miravânia,4549,3985,-564
4537,SP,Riversul,6163,5599,-564
4538,SC,São José do Cerrito,9273,8708,-565
4539,MG,Senador Modestino Gonçalves,4574,4008,-566
4540,MG,Santa Rita de Caldas,9027,8460,-567
4541,MG,São Sebastião do Maranhão,10647,10079,-568
4542,SE,Porto da Folha,27146,26576,-570
4543,PR,Paulo Frontin,6913,6343,-570
4544,BA,Cotegipe,13636,13063,-573
4545,AL,Jaramataia,5558,4985,-573
4546,PB,São José dos Cordeiros,3985,3411,-574
4547,MG,Montezuma,7464,6888,-576
4548,MG,Mantena,27111,26535,-576
4549,MG,Rio do Prado,5217,4639,-578
4550,PB,Araçagi,17224,16646,-578
4551,PE,Cabrobó,30873,30294,-579
4552,PI,São Miguel do Tapuio,18134,17554,-580
4553,MG,Nova Belém,3732,3151,-581
4554,RN,Umarizal,10659,10078,-581
4555,PR,Goioerê,29018,28437,-581
4556,BA,Ouriçangas,8298,7716,-582
4557,BA,Itapicuru,32261,31679,-582
4558,PE,Jaboatão dos Guararapes,644620,644037,-583
4559,MG,José Gonçalves de Minas,4553,3969,-584
4560,SC,Rio Negrinho,39846,39261,-585
4561,GO,Rianápolis,4566,3980,-586
4562,BA,Jussari,6474,5888,-586
4563,MG,Braúnas,5030,4441,-589
4564,RS,Arroio do Tigre,12648,12058,-590
4565,PA,Palestina do Pará,7475,6885,-590
4566,MG,União de Minas,4418,3828,-590
4567,ES,Boa Esperança,14199,13608,-591
4568,TO,Aragominas,5882,5290,-592
4569,PB,Juru,9826,9234,-592
4570,PE,Moreilândia,11132,10540,-592
4571,SP,Vera Cruz,10769,10176,-593
4572,MG,Candeias,14595,14001,-594
4573,RS,Cerrito,6402,5808,-594
4574,RS,Iraí,8078,7482,-596
4575,GO,Bom Jardim de Goiás,8423,7826,-597
4576,PR,Reserva,25172,24573,-599
4577,RN,Janduís,5345,4746,-599
4578,SP,Terra Roxa,8505,7904,-601
4579,MG,Central de Minas,6772,6171,-601
4580,RS,Formigueiro,7014,6413,-601
4581,GO,Amorinópolis,3609,3007,-602
4582,MG,Riacho dos Machados,9360,8756,-604
4583,SP,Nova Luzitânia,3441,2837,-604
4584,SP,Apiaí,25191,24585,-606
4585,MG,Estrela do Sul,7446,6840,-606
4586,SE,Riachuelo,9355,8748,-607
4587,RS,São Nicolau,5727,5118,-609
4588,MG,Claro dos Poções,7775,7166,-609
4589,MG,Liberdade,5346,4737,-609
4590,MT,Figueirópolis D'Oeste,3796,3187,-609
4591,SC,Monte Castelo,8346,7736,-610
4592,MT,Marcelândia,12006,11396,-610
4593,PE,Barreiros,40732,40121,-611
4594,MG,Paula Cândido,9271,8659,-612
4595,RS,Paim Filho,4243,3629,-614
4596,MT,Colniza,26381,25766,-615
4597,BA,Malhada,16014,15398,-616
4598,PB,Pedra Lavrada,7475,6859,-616
4599,RS,Ipê,6016,5399,-617
4600,PB,Caiçara,7220,6602,-618
4601,BA,Barro Preto,6453,5833,-620
4602,RS,Vicente Dutra,5285,4665,-620
4603,RS,Porto Xavier,10558,9938,-620
4604,MG,Fortaleza de Minas,4098,3477,-621
4605,CE,Morada Nova,62065,61443,-622
4606,BA,Cordeiros,8168,7546,-622
4607,SE,Maruim,16343,15719,-624
4608,PR,Luiziana,7315,6690,-625
4609,BA,Cravolândia,5041,4415,-626
4610,MG,Volta Grande,5070,4443,-627
4611,RS,Roque Gonzales,7203,6576,-627
4612,AL,Olho d'Água Grande,4957,4330,-627
4613,AL,Batalha,17076,16448,-628
4614,PR,Tuneiras do Oeste,8695,8067,-628
4615,MG,Palmópolis,6931,6301,-630
4616,SP,Gália,7011,6380,-631
4617,CE,Jaguaretama,17863,17232,-631
4618,RO,Teixeirópolis,4888,4256,-632
4619,MG,Materlândia,4595,3963,-632
4620,TO,Presidente Kennedy,3681,3047,-634
4621,SP,Cajobi,9768,9133,-635
4622,PR,Nova Cantu,7425,6790,-635
4623,BA,Jucuruçu,10290,9655,-635
4624,SE,Pacatuba,13137,12502,-635
4625,MG,Capinópolis,15290,14655,-635
4626,CE,Tamboril,25451,24815,-636
4627,MG,Carbonita,9148,8512,-636
4628,MG,Pocrane,8986,8350,-636
4629,TO,Piraquê,2920,2282,-638
4630,MG,Cristália,5760,5121,-639
4631,RS,Ibarama,4371,3732,-639
4632,MG,Campanário,3564,2923,-641
4633,BA,Pedrão,6876,6235,-641
4634,MG,Rio Espera,6070,5429,-641
4635,MT,Lambari D'Oeste,5431,4790,-641
4636,MA,Lago Verde,15412,14769,-643
4637,PA,Abel Figueiredo,6780,6136,-644
4638,MG,Mato Verde,12684,12038,-646
4639,MG,Caxambu,21705,21056,-649
4640,RS,Catuípe,9323,8674,-649
4641,AC,Plácido de Castro,17209,16560,-649
4642,RS,Alegria,4301,3651,-650
4643,BA,Paramirim,21001,20351,-650
4644,ES,Muqui,14396,13745,-651
4645,RS,Cerro Branco,4454,3802,-652
4646,BA,Jussiape,8031,7379,-652
4647,TO,Araguaçu,8786,8133,-653
4648,GO,Castelândia,3638,2985,-653
4649,BA,Itapé,10995,10341,-654
4650,PI,Canto do Buriti,20020,19365,-655
4651,SE,Japaratuba,16864,16209,-655
4652,MT,Nova Brasilândia,4587,3932,-655
4653,PR,Quarto Centenário,4856,4201,-655
4654,PI,Nazaré do Piauí,7321,6665,-656
4655,MG,Coração de Jesus,26033,25377,-656
4656,GO,Goiás,24727,24071,-656
4657,PE,Frei Miguelinho,14293,13636,-657
4658,PA,Santa Maria das Barreiras,17206,16548,-658
4659,MT,Carlinda,10990,10332,-658
4660,SP,Maracaí,13332,12673,-659
4661,PR,Janiópolis,6532,5870,-662
4662,MG,Itinga,14407,13745,-662
4663,TO,Aguiarnópolis,5162,4497,-665
4664,BA,Central,17013,16348,-665
4665,RS,Gramado Xavier,3970,3304,-666
4666,RS,Pinhal Grande,4471,3805,-666
4667,MA,Aldeias Altas,23952,23286,-666
4668,SP,Boa Esperança do Sul,13645,12978,-667
4669,MG,Espinosa,31113,30443,-670
4670,MG,Verdelândia,8346,7672,-674
4671,CE,Umari,7545,6871,-674
4672,PR,Cambará,23886,23212,-674
4673,MT,Terra Nova do Norte,11291,10616,-675
4674,SP,Rinópolis,9935,9259,-676
4675,PB,São José de Espinharas,4760,4083,-677
4676,PB,Mulungu,9469,8791,-678
4677,PE,Bodocó,35158,34478,-680
4678,PI,Patos do Piauí,6105,5425,-680
4679,MG,Vargem Alegre,6461,5780,-681
4680,PI,Ribeiro Gonçalves,6845,6164,-681
4681,RS,Agudo,16722,16041,-681
4682,PR,Amaporã,5443,4762,-681
4683,SP,Palmeira d'Oeste,9584,8903,-681
4684,MA,Olho d'Água das Cunhãs,18601,17919,-682
4685,GO,Itajá,5062,4380,-682
4686,SP,Tejupá,4809,4127,-682
4687,CE,Jaguaribe,34409,33726,-683
4688,PR,Ivaté,7514,6831,-683
4689,PB,Cacimba de Dentro,16748,16064,-684
4690,RO,Parecis,4810,4125,-685
4691,MG,Presidente Bernardes,5537,4850,-687
4692,PR,Três Barras do Paraná,11824,11135,-689
4693,PA,Nova Ipixuna,14645,13955,-690
4694,MG,Gonzaga,5921,5230,-691
4695,MG,Nova Porteirinha,7398,6706,-692
4696,PB,Belém,17093,16401,-692
4697,MG,Sobrália,5830,5137,-693
4698,PR,Paranacity,10250,9557,-693
4699,MG,Frei Inocêncio,8920,8226,-694
4700,MG,Nacip Raydan,3154,2459,-695
4701,BA,Castro Alves,25408,24712,-696
4702,BA,Palmas de Monte Alto,20775,20078,-697
4703,MG,Cuparaque,4680,3983,-697
4704,PB,Santana dos Garrotes,7266,6569,-697
4705,PE,Iguaracy,11779,11081,-698
4706,BA,Tapiramutá,16516,15818,-698
4707,RS,Guarani das Missões,8115,7415,-700
4708,SC,Santa Terezinha,8767,8066,-701
4709,GO,Santa Tereza de Goiás,3995,3293,-702
4710,RS,Charrua,3471,2768,-703
4711,BA,Taperoá,18748,18044,-704
4712,SP,Irapuru,7789,7085,-704
4713,PR,São Pedro do Iguaçu,6491,5784,-707
4714,RS,Santa Bárbara do Sul,8829,8122,-707
4715,MG,Pedralva,11467,10760,-707
4716,MG,Botumirim,6497,5790,-707
4717,GO,Petrolina de Goiás,10283,9573,-710
4718,PA,Santa Cruz do Arari,8155,7445,-710
4719,RS,Tunas,4395,3681,-714
4720,MG,Nepomuceno,25733,25018,-715
4721,RS,Encruzilhada do Sul,24534,23819,-715
4722,CE,Cariré,18347,17632,-715
4723,PR,Altamira do Paraná,4306,3590,-716
4724,MT,São José do Povo,3592,2875,-717
4725,MG,Ataléia,14455,13736,-719
4726,TO,Araguanã,5030,4310,-720
4727,RS,Maximiliano de Almeida,4911,4191,-720
4728,RS,Cruzeiro do Sul,12320,11600,-720
4729,SP,Coronel Macedo,5001,4280,-721
4730,MA,Peritoró,21201,20479,-722
4731,MG,Carmo do Paranaíba,29735,29011,-724
4732,MT,Castanheira,8231,7506,-725
4733,MG,Mendes Pimentel,6331,5606,-725
4734,TO,Lizarda,3725,2999,-726
4735,RS,Novo Machado,3925,3198,-727
4736,SC,Romelândia,5551,4823,-728
4737,MG,Itanhomi,11856,11128,-728
4738,MG,Galiléia,6951,6222,-729
4739,PI,Francinópolis,5235,4505,-730
4740,PR,Andirá,20610,19878,-732
4741,BA,Tremedal,17029,16296,-733
4742,MG,Itacambira,4988,4252,-736
4743,PR,Teixeira Soares,10283,9547,-736
4744,CE,Choró,12853,12113,-740
4745,PE,Poção,11242,10500,-742
4746,MG,Patis,5579,4837,-742
4747,MG,Estrela do Indaiá,3516,2772,-744
4748,AL,Senador Rui Palmeira,13047,12303,-744
4749,MT,Nova Maringá,6590,5846,-744
4750,PE,Santa Terezinha,10991,10244,-747
4751,CE,Assaré,22445,21697,-748
4752,MG,Salto da Divisa,6859,6110,-749
4753,AL,Maravilha,10284,9534,-750
4754,PR,Primeiro de Maio,10832,10082,-750
4755,RS,Sertão,6294,5541,-753
4756,PR,Reserva do Iguaçu,7307,6553,-754
4757,MG,Barão de Monte Alto,5720,4964,-756
4758,RS,Nova Palma,6342,5586,-756
4759,MG,Canápolis,11365,10608,-757
4760,PR,Vera Cruz do Oeste,8973,8215,-758
4761,MG,Divino das Laranjeiras,4937,4178,-759
4762,PR,Laranjal,6360,5600,-760
4763,MA,Bequimão,20344,19584,-760
4764,RO,São Felipe D'Oeste,6018,5258,-760
4765,BA,Itagimirim,7110,6347,-763
4766,MG,Franciscópolis,5800,5034,-766
4767,MG,Engenheiro Navarro,7122,6354,-768
4768,BA,Cabaceiras do Paraguaçu,17327,16559,-768
4769,MG,Manhumirim,21382,20613,-769
4770,MG,Jampruca,5067,4296,-771
4771,PE,Betânia,12003,11232,-771
4772,GO,Simolândia,6514,5742,-772
4773,RS,Ciríaco,4922,4149,-773
4774,BA,Macajuba,11229,10454,-775
4775,MG,Padre Carvalho,5834,5058,-776
4776,BA,Xique-Xique,45536,44757,-779
4777,SP,Monte Azul Paulista,18931,18151,-780
4778,MG,Guarará,3929,3149,-780
4779,SP,São José da Bela Vista,8406,7626,-780
4780,RS,Rio dos Índios,3616,2835,-781
4781,MG,Crisólita,6047,5265,-782
4782,AM,Rio Preto da Eva,25719,24936,-783
4783,BA,Capela do Alto Alegre,11527,10744,-783
4784,BA,Teodoro Sampaio,7895,7110,-785
4785,CE,Itapiúna,18626,17841,-785
4786,AL,Palestina,5112,4325,-787
4787,CE,Farias Brito,19007,18217,-790
4788,RS,São Pedro do Sul,16368,15577,-791
4789,PI,Santana do Piauí,4917,4125,-792
4790,SP,Santos,419400,418608,-792
4791,MA,Central do Maranhão,7887,7094,-793
4792,TO,Filadélfia,8505,7712,-793
4793,BA,Vereda,6800,6003,-797
4794,PE,Casinhas,13766,12967,-799
4795,BA,São Domingos,9226,8426,-800
4796,BA,Planaltino,8822,8022,-800
4797,PR,Antonina,18891,18091,-800
4798,MA,Cidelândia,13681,12878,-803
4799,PB,São José de Princesa,4219,3416,-803
4800,PR,Cerro Azul,16938,16134,-804
4801,MG,São João do Oriente,7874,7070,-804
4802,RN,Venha-Ver,3821,3014,-807
4803,SP,Mineiros do Tietê,12038,11230,-808
4804,PB,Nova Floresta,10533,9724,-809
4805,MA,Igarapé Grande,11041,10231,-810
4806,BA,Lajedo do Tabocal,8305,7494,-811
4807,MT,Novo Mundo,7332,6520,-812
4808,MA,Vitorino Freire,31658,30845,-813
4809,RS,Marcelino Ramos,5134,4320,-814
4810,BA,Matina,11145,10330,-815
4811,SP,Campos do Jordão,47789,46974,-815
4812,RO,Alto Paraíso,17135,16320,-815
4813,BA,Macururé,8073,7256,-817
4814,RS,Paraíso do Sul,7336,6519,-817
4815,RS,Progresso,6163,5340,-823
4816,BA,América Dourada,15961,15137,-824
4817,PE,São José do Egito,31829,31004,-825
4818,MT,Porto Esperidião,11031,10204,-827
4819,PE,São Benedito do Sul,13941,13113,-828
4820,MG,Rio Pardo de Minas,29099,28271,-828
4821,MG,Bom Jesus do Galho,15364,14536,-828
4822,TO,Dois Irmãos do Tocantins,7161,6327,-834
4823,BA,Caravelas,21414,20580,-834
4824,PA,São João da Ponta,5265,4430,-835
4825,RS,General Câmara,8447,7612,-835
4826,MG,Palma,6545,5707,-838
4827,GO,Itauçu,8575,7736,-839
4828,MS,Anaurilândia,8493,7653,-840
4829,ES,Mantenópolis,13612,12770,-842
4830,RS,Doutor Maurício Cardoso,5313,4470,-843
4831,SE,Tomar do Geru,12855,12012,-843
4832,RS,Lagoão,6185,5341,-844
4833,MA,Amarante do Maranhão,37932,37085,-847
4834,PR,Guaraniaçu,14582,13735,-847
4835,CE,Reriutaba,19455,18606,-849
4836,AL,Paulo Jacinto,7426,6576,-850
4837,PR,Itambaracá,6759,5908,-851
4838,BA,Itamari,7903,7051,-852
4839,CE,Aurora,24566,23714,-852
4840,SP,Barra do Turvo,7729,6876,-853
4841,RN,São Tomé,10827,9972,-855
4842,TO,Itaguatins,6029,5172,-857
4843,PI,Fronteiras,11117,10259,-858
4844,PR,São João do Ivaí,11525,10667,-858
4845,BA,Acajutiba,14653,13795,-858
4846,MG,Coluna,9024,8163,-861
4847,TO,Cristalândia,7234,6371,-863
4848,PA,Nova Timboteua,13670,12806,-864
4849,SP,Pereira Barreto,24962,24095,-867
4850,PB,Taperoá,14936,14068,-868
4851,TO,Palmeiras do Tocantins,5740,4872,-868
4852,MG,Medina,21026,20156,-870
4853,PB,Olho d'Água,6931,6060,-871
4854,BA,Ibititá,17840,16969,-871
4855,BA,Ibitiara,15508,14637,-871
4856,SP,Nhandeara,10725,9852,-873
4857,PB,Belém do Brejo do Cruz,7143,6268,-875
4858,BA,Andaraí,13960,13080,-880
4859,PR,Braganey,5735,4854,-881
4860,BA,Heliópolis,13192,12309,-883
4861,PA,Quatipuru,12411,11524,-887
4862,AL,Campo Grande,9032,8143,-889
4863,PE,Jurema,14541,13648,-893
4864,RS,Taquari,26092,25198,-894
4865,RN,Tangará,14175,13281,-894
4866,RS,Jaguari,11473,10579,-894
4867,MA,Vila Nova dos Martírios,11258,10362,-896
4868,BA,Pindaí,15628,14731,-897
4869,SE,Boquim,25533,24636,-897
4870,PB,Borborema,5111,4214,-897
4871,BA,Itaguaçu da Bahia,13209,12311,-898
4872,SP,Barra Bonita,35246,34346,-900
4873,BA,Irajuba,7002,6101,-901
4874,CE,Araripe,20685,19783,-902
4875,SP,São Simão,14346,13442,-904
4876,PI,Elesbão Veloso,14512,13607,-905
4877,PI,São Francisco do Piauí,6298,5392,-906
4878,RS,Santo Antônio das Missões,11210,10300,-910
4879,RS,Restinga Sêca,15849,14939,-910
4880,RS,Alpestre,8027,7117,-910
4881,MA,São João do Paraíso,10814,9904,-910
4882,PR,Bandeirantes,32184,31273,-911
4883,RS,Arroio Grande,18470,17558,-912
4884,MG,Lagoa dos Patos,4225,3313,-912
4885,CE,Mulungu,11485,10569,-916
4886,MG,Coronel Murta,9117,8200,-917
4887,SP,Tapiratiba,12737,11816,-921
4888,RS,Alecrim,7045,6123,-922
4889,PR,Nova Fátima,8147,7225,-922
4890,CE,Paramoti,11308,10384,-924
4891,SP,Severínia,15501,14576,-925
4892,SP,Guapiara,17998,17071,-927
4893,MG,Manga,19813,18886,-927
4894,MG,Tombos,9537,8609,-928
4895,MG,Guiricema,8707,7778,-929
4896,RN,Pedro Avelino,7171,6242,-929
4897,BA,Pojuca,33066,32136,-930
4898,MG,Josenópolis,4566,3630,-936
4899,BA,Itaparica,20725,19789,-936
4900,GO,Doverlândia,7892,6956,-936
4901,PR,Goioxim,7503,6566,-937
4902,PA,Conceição do Araguaia,45557,44617,-940
4903,SP,Gastão Vidigal,4193,3252,-941
4904,MG,Gurinhatã,6137,5192,-945
4905,SP,Ariranha,8547,7602,-945
4906,SP,Barbosa,6593,5640,-953
4907,RN,Patu,11964,11007,-957
4908,AL,Passo de Camaragibe,14763,13804,-959
4909,PB,Imaculada,11352,10392,-960
4910,RO,Cabixi,6313,5351,-962
4911,RS,Itatiba do Sul,4171,3208,-963
4912,MG,Guarani,8678,7714,-964
4913,CE,Ibaretama,12922,11956,-966
4914,MG,Cipotânea,6547,5581,-966
4915,MG,Barbacena,126284,125317,-967
4916,TO,Xambioá,11484,10517,-967
4917,MA,Bacuri,17258,16290,-968
4918,MG,Setubinha,10885,9917,-968
4919,MG,Lagamar,7600,6631,-969
4920,SP,Tambaú,22406,21435,-971
4921,PE,Belém de Maria,11353,10378,-975
4922,PB,São José de Caiana,6010,5034,-976
4923,PE,Sertânia,33787,32811,-976
4924,MG,Santana de Pirapama,8009,7030,-979
4925,AL,Branquinha,10583,9603,-980
4926,PR,Grandes Rios,6625,5641,-984
4927,MG,Indaiabira,7330,6346,-984
4928,PB,Pirpirituba,10326,9340,-986
4929,MT,Juruena,11201,10213,-988
4930,MG,Ibiá,23218,22229,-989
4931,RO,Cujubim,15854,14863,-991
4932,ES,Conceição da Barra,28449,27458,-991
4933,RS,Bossoroca,6884,5890,-994
4934,SP,Guaraçaí,8435,7441,-994
4935,RJ,Engenheiro Paulo de Frontin,13237,12242,-995
4936,CE,Apuiarés,13925,12928,-997
4937,RS,Liberato Salzano,5780,4781,-999
4938,GO,Santa Rita do Araguaia,6924,5924,-1000
4939,CE,Coreaú,21954,20953,-1001
4940,PI,Massapê do Piauí,6220,5218,-1002
4941,MG,Machado,38688,37684,-1004
4942,MG,Rio Vermelho,13645,12641,-1004
4943,SP,Garça,43115,42110,-1005
4944,PA,Bonito,13630,12622,-1008
4945,SP,Miguelópolis,20451,19441,-1010
4946,BA,Sebastião Laranjeiras,10371,9360,-1011
4947,PR,Honório Serpa,5955,4941,-1014
4948,PA,Ponta de Pedras,25999,24984,-1015
4949,GO,Campos Verdes,5020,4005,-1015
4950,BA,Abaíra,8316,7301,-1015
4951,MG,Jenipapo de Minas,7116,6100,-1016
4952,TO,Monte do Carmo,6716,5694,-1022
4953,MA,Marajá do Sena,8051,7027,-1024
4954,MS,Pedro Gomes,7967,6941,-1026
4955,MG,Mesquita,6069,5040,-1029
4956,BA,Presidente Jânio Quadros,13652,12621,-1031
4957,GO,Monte Alegre de Goiás,7730,6692,-1038
4958,BA,Pindobaçu,20121,19083,-1038
4959,TO,Taguatinga,15051,14011,-1040
4960,RS,Amaral Ferrador,6353,5310,-1043
4961,PR,Querência do Norte,11729,10685,-1044
4962,BA,Serra Dourada,18112,17066,-1046
4963,BA,Jandaíra,10331,9285,-1046
4964,RO,Costa Marques,13678,12627,-1051
4965,BA,Amélia Rodrigues,25190,24138,-1052
4966,RS,Porto Lucena,5413,4360,-1053
4967,SP,São Manuel,38342,37289,-1053
4968,MG,Joaíma,14941,13888,-1053
4969,MA,Jatobá,8526,7471,-1055
4970,MG,Carangola,32296,31240,-1056
4971,SP,Conchas,16288,15232,-1056
4972,RS,Giruá,17075,16013,-1062
4973,CE,Ipueiras,37862,36798,-1064
4974,PR,Uraí,11472,10406,-1066
4975,MG,São Francisco,53828,52762,-1066
4976,MS,Iguatemi,14875,13808,-1067
4977,TO,Peixe,10384,9317,-1067
4978,SP,Santa Cruz das Palmeiras,29932,28864,-1068
4979,MA,Campestre do Maranhão,13369,12301,-1068
4980,PE,Orobó,22878,21808,-1070
4981,SC,Fraiburgo,34553,33481,-1072
4982,SE,Riachão do Dantas,19386,18313,-1073
4983,MG,Ibiracatu,6155,5081,-1074
4984,AL,Dois Riachos,10880,9805,-1075
4985,MG,Matias Cardoso,9979,8895,-1084
4986,MG,São Geraldo da Piedade,4389,3305,-1084
4987,TO,Almas,7586,6499,-1087
4988,RS,Cerro Grande do Sul,10268,9178,-1090
4989,RS,Erval Seco,7878,6787,-1091
4990,MG,Jacinto,12134,11042,-1092
4991,MA,Cururupu,32652,31558,-1094
4992,MA,Santana do Maranhão,11661,10567,-1094
4993,AL,Belo Monte,7030,5936,-1094
4994,MG,Joanésia,5425,4329,-1096
4995,BA,Mascote,14640,13544,-1096
4996,SP,Santa Lúcia,8248,7149,-1099
4997,MA,Rosário,39576,38475,-1101
4998,RS,São Jerônimo,22134,21028,-1106
4999,MG,Virgolândia,5658,4552,-1106
5000,BA,Urandi,16466,15355,-1111
5001,SP,Jacupiranga,17208,16097,-1111
5002,RS,Palmeira das Missões,34328,33216,-1112
5003,BA,Oliveira dos Brejinhos,21831,20715,-1116
5004,BA,Boa Vista do Tupim,17991,16873,-1118
5005,MG,Cordisburgo,8667,7547,-1120
5006,RS,São Lourenço do Sul,43111,41989,-1122
5007,BA,Candeal,8895,7772,-1123
5008,MG,Grão Mogol,15024,13901,-1123
5009,SP,Ituverava,38695,37571,-1124
5010,BA,Ubaíra,19750,18626,-1124
5011,BA,Iaçu,25736,24607,-1129
5012,RS,Barão do Triunfo,7018,5889,-1129
5013,AP,Vitória do Jari,12428,11291,-1137
5014,RO,Cerejeiras,17029,15890,-1139
5015,BA,Almadina,6357,5218,-1139
5016,BA,Ibiquera,4866,3725,-1141
5017,MG,Buenópolis,10292,9150,-1142
5018,SP,Mirante do Paranapanema,17059,15917,-1142
5019,PR,Sengés,18414,17270,-1144
5020,MG,Riachinho,8007,6863,-1144
5021,RJ,São Sebastião do Alto,8895,7750,-1145
5022,SP,Ribeirão Bonito,12135,10989,-1146
5023,RS,Jóia,8331,7184,-1147
5024,BA,Planalto,24481,23334,-1147
5025,MG,Dores do Indaiá,13778,12630,-1148
5026,MT,São José dos Quatro Marcos,18998,17849,-1149
5027,BA,Laje,22201,21052,-1149
5028,RS,Segredo,7158,6009,-1149
5029,RN,Pendências,13432,12278,-1154
5030,SP,Paraguaçu Paulista,42278,41120,-1158
5031,PE,Palmeirina,8189,7031,-1158
5032,GO,Firminópolis,11580,10419,-1161
5033,MT,Nova Olímpia,17515,16352,-1163
5034,RS,Fontoura Xavier,10719,9550,-1169
5035,RS,Passa Sete,5154,3983,-1171
5036,MS,Nioaque,14391,13220,-1171
5037,BA,Paripiranga,27778,26604,-1174
5038,RS,Caçapava do Sul,33690,32515,-1175
5039,RS,Vale do Sol,11077,9897,-1180
5040,SP,Morro Agudo,29116,27933,-1183
5041,SP,Paulo de Faria,8589,7400,-1189
5042,MG,São Pedro dos Ferros,8356,7166,-1190
5043,TO,Arapoema,6742,5550,-1192
5044,MT,Guarantã do Norte,32216,31024,-1192
5045,CE,Madalena,18088,16896,-1192
5046,AL,Igaci,25188,23995,-1193
5047,PE,Iati,18360,17165,-1195
5048,BA,São Sebastião do Passé,42153,40958,-1195
5049,PB,Areia,23829,22633,-1196
5050,AL,Major Isidoro,18897,17700,-1197
5051,RS,Crissiumal,14084,12886,-1198
5052,MG,Iguatama,8029,6826,-1203
5053,MA,Governador Newton Bello,11921,10713,-1208
5054,PE,Bom Conselho,45503,44294,-1209
5055,MA,São Francisco do Brejão,10261,9051,-1210
5056,GO,Maurilândia,11521,10304,-1217
5057,RS,Santana da Boa Vista,8242,7024,-1218
5058,ES,Ecoporanga,23212,21992,-1220
5059,RN,Nova Cruz,35490,34269,-1221
5060,RN,Areia Branca,25315,24093,-1222
5061,MA,Lago do Junco,10729,9506,-1223
5062,MG,Campos Altos,14206,12979,-1227
5063,MG,Ibiraci,12176,10948,-1228
5064,PA,Uruará,44789,43558,-1231
5065,BA,Marcionílio Souza,10500,9267,-1233
5066,BA,Água Fria,15731,14497,-1234
5067,RN,São José do Campestre,12356,11121,-1235
5068,AL,Chã Preta,7146,5910,-1236
5069,BA,Iramaia,11990,10752,-1238
5070,MG,Ferros,10837,9590,-1247
5071,RN,Canguaretama,30916,29668,-1248
5072,CE,Graça,15049,13801,-1248
5073,RJ,Mesquita,168376,167127,-1249
5074,SP,Guará,19858,18606,-1252
5075,PB,Barra de Santa Rosa,14157,12904,-1253
5076,PE,Jaqueira,11501,10247,-1254
5077,PE,Capoeiras,19593,18338,-1255
5078,MG,Malacacheta,18776,17516,-1260
5079,PE,Cumaru,17183,15920,-1263
5080,RO,Corumbiara,8783,7519,-1264
5081,PE,Santa Filomena,13371,12106,-1265
5082,RS,Candelária,30171,28906,-1265
5083,MG,Alto Rio Doce,12159,10891,-1268
5084,BA,Itaju do Colônia,7309,6037,-1272
5085,PR,Inácio Martins,10943,9670,-1273
5086,MG,Miradouro,10251,8968,-1283
5087,SP,Palmares Paulista,10934,9650,-1284
5088,MG,Fruta de Leite,5940,4647,-1293
5089,RO,Nova União,7493,6200,-1293
5090,AL,Piaçabuçu,17203,15908,-1295
5091,PB,Itabaiana,24481,23182,-1299
5092,CE,Acarape,15338,14027,-1311
5093,PA,Bujaru,25695,24383,-1312
5094,MG,Campina Verde,19324,18011,-1313
5095,AL,Viçosa,25407,24092,-1315
5096,SP,Rincão,10414,9098,-1316
5097,PA,Novo Repartimento,62050,60732,-1318
5098,BA,Itapebi,10495,9174,-1321
5099,RS,Butiá,20406,19084,-1322
5100,RS,Jaguarão,27931,26603,-1328
5101,RS,Dom Feliciano,14380,13051,-1329
5102,CE,Umirim,18802,17470,-1332
5103,RS,Tiradentes do Sul,6461,5129,-1332
5104,PA,São Geraldo do Araguaia,25587,24255,-1332
5105,SP,Juquitiba,28737,27404,-1333
5106,MG,Açucena,10276,8943,-1333
5107,BA,Mortugaba,12477,11143,-1334
5108,MG,Itaipé,11798,10463,-1335
5109,PA,Concórdia do Pará,28216,26881,-1335
5110,RO,Alto Alegre dos Parecis,12816,11479,-1337
5111,BA,Brejões,14282,12943,-1339
5112,RN,Currais Novos,42652,41313,-1339
5113,PB,Serraria,6238,4885,-1353
5114,RN,Santana do Matos,13809,12456,-1353
5115,RS,Júlio de Castilhos,19579,18226,-1353
5116,AL,Poço das Trincheiras,13872,12518,-1354
5117,MA,Centro Novo do Maranhão,17622,16267,-1355
5118,MA,São Vicente Ferrer,20863,19498,-1365
5119,BA,Saúde,11845,10478,-1367
5120,PR,Santa Mariana,12435,11066,-1369
5121,CE,Campos Sales,26506,25135,-1371
5122,TO,Dianópolis,19112,17739,-1373
5123,MA,São João Batista,19920,18544,-1376
5124,CE,Tarrafas,8910,7529,-1381
5125,BA,Cícero Dantas,32300,30907,-1393
5126,RS,Taquara,54643,53242,-1401
5127,PE,Moreno,56696,55292,-1404
5128,PR,Cândido de Abreu,16655,15244,-1411
5129,BA,Mutuípe,21449,20037,-1412
5130,MG,Rio Casca,14201,12789,-1412
5131,MA,São Roberto,5957,4544,-1413
5132,TO,Rio Sono,6254,4841,-1413
5133,RO,Jaru,52005,50591,-1414
5134,MG,Conselheiro Pena,22242,20824,-1418
5135,AL,Ibateguara,15149,13731,-1418
5136,BA,Rio do Pires,11918,10497,-1421
5137,RS,Boqueirão do Leão,7673,6247,-1426
5138,ES,Mimoso do Sul,25902,24475,-1427
5139,MG,São João da Ponte,25358,23930,-1428
5140,PR,Moreira Sales,12606,11175,-1431
5141,MT,Cláudia,11028,9593,-1435
5142,MG,Francisco Sá,24912,23476,-1436
5143,SE,Pedrinhas,8833,7396,-1437
5144,SP,Caconde,18538,17101,-1437
5145,CE,Potengi,10276,8833,-1443
5146,MG,Santo Antônio do Jacinto,11775,10327,-1448
5147,PR,Engenheiro Beltrão,13906,12454,-1452
5148,BA,Itaeté,14924,13472,-1452
5149,MG,Carlos Chagas,20069,18615,-1454
5150,SP,Américo Brasiliense,34478,33019,-1459
5151,SP,Orlândia,39781,38319,-1462
5152,MG,Sabinópolis,15704,14240,-1464
5153,PA,Itupiranga,51220,49754,-1466
5154,RO,Santa Luzia D'Oeste,8886,7419,-1467
5155,MG,Serra dos Aimorés,8412,6944,-1468
5156,CE,Hidrolândia,19325,17855,-1470
5157,PE,Saloá,15309,13836,-1473
5158,PR,São Pedro do Ivaí,10167,8690,-1477
5159,BA,Pau Brasil,10852,9370,-1482
5160,BA,Itarantim,18539,17052,-1487
5161,RS,Sinimbu,10068,8578,-1490
5162,GO,Paranaiguara,9100,7607,-1493
5163,MT,Vila Rica,21382,19888,-1494
5164,MG,Campos Gerais,27600,26105,-1495
5165,BA,Adustina,15702,14201,-1501
5166,MT,Denise,8523,7014,-1509
5167,CE,São Luís do Curu,12332,10822,-1510
5168,MA,Timbiras,27997,26484,-1513
5169,MG,Padre Paraíso,18849,17334,-1515
5170,MG,Jequitaí,8005,6484,-1521
5171,AL,Murici,26710,25187,-1523
5172,PE,Lagoa dos Gatos,15615,14076,-1539
5173,AL,São Luís do Quitunde,32412,30873,-1539
5174,CE,Independência,25573,24024,-1549
5175,CE,Cariús,18567,17015,-1552
5176,MG,Ibiaí,7839,6286,-1553
5177,PR,Tamarana,12262,10707,-1555
5178,RN,Poço Branco,13949,12390,-1559
5179,GO,São Domingos,11272,9711,-1561
5180,RN,Caicó,62709,61146,-1563
5181,PR,Santa Maria do Oeste,11500,9934,-1566
5182,RS,Pinheiro Machado,12780,11214,-1566
5183,MS,Bela Vista,23181,21613,-1568
5184,BA,Morro do Chapéu,35164,33594,-1570
5185,SP,Eldorado,14641,13069,-1572
5186,RN,Macau,28954,27369,-1585
5187,RO,Cacaulândia,5736,4150,-1586
5188,PR,Coronel Domingos Soares,7238,5649,-1589
5189,ES,Alegre,30768,29177,-1591
5190,SP,Palmital,21186,19594,-1592
5191,RO,Vale do Anari,9384,7788,-1596
5192,MG,Inhapim,24294,22692,-1602
5193,RS,Coronel Bicaco,7748,6144,-1604
5194,BA,Ruy Barbosa,29887,28282,-1605
5195,MG,Santa Maria do Suaçuí,14395,12788,-1607
5196,PE,Parnamirim,20224,18612,-1612
5197,SP,Piquete,14107,12490,-1617
5198,PB,Natuba,10566,8945,-1621
5199,BA,Ipecaetá,15331,13709,-1622
5200,PA,Trairão,16875,15242,-1633
5201,SP,Pitangueiras,35307,33674,-1633
5202,RS,São Francisco de Assis,19254,17618,-1636
5203,AL,Porto Calvo,25708,24071,-1637
5204,MG,Comercinho,8298,6660,-1638
5205,AL,Jacuípe,6997,5352,-1645
5206,SP,Santa Rita do Passa Quatro,26478,24833,-1645
5207,BA,Mairi,19326,17674,-1652
5208,PE,Lagoa de Itaenga,20659,19003,-1656
5209,SP,São Sebastião da Grama,12099,10441,-1658
5210,SP,Euclides da Cunha Paulista,9585,7924,-1661
5211,MG,Monte Azul,21994,20328,-1666
5212,BA,Rio do Antônio,14815,13146,-1669
5213,MA,Itapecuru Mirim,62110,60440,-1670
5214,PE,Aliança,37415,35741,-1674
5215,BA,Belmonte,21798,20121,-1677
5216,RS,Salto do Jacuí,11880,10203,-1677
5217,MA,Presidente Médici,6374,4696,-1678
5218,PE,Altinho,22353,20674,-1679
5219,MA,Lago da Pedra,46083,44403,-1680
5220,BA,Itanagra,7598,5914,-1684
5221,PB,Araruna,18879,17189,-1690
5222,AL,Canapi,17250,15559,-1691
5223,BA,Itiruçu,12693,10999,-1694
5224,CE,Pedra Branca,41890,40187,-1703
5225,BA,Santa Maria da Vitória,40309,38604,-1705
5226,CE,Orós,21389,19675,-1714
5227,MG,Araçuaí,36013,34297,-1716
5228,AL,Coruripe,52130,50414,-1716
5229,BA,Boa Nova,15411,13690,-1721
5230,PR,Cornélio Procópio,46928,45206,-1722
5231,AL,Penedo,60378,58650,-1728
5232,SP,Taquaritinga,53988,52260,-1728
5233,ES,João Neiva,15809,14079,-1730
5234,RO,Vale do Paraíso,8210,6479,-1731
5235,GO,Anicuns,20239,18503,-1736
5236,SP,Igarapava,27952,26212,-1740
5237,MA,Penalva,34267,32511,-1756
5238,CE,Palmácia,12005,10242,-1763
5239,MG,Itambacuri,22809,21042,-1767
5240,PR,Altônia,20516,18742,-1774
5241,BA,Entre Rios,39872,38098,-1774
5242,BA,Santo Amaro,57800,56012,-1788
5243,MA,Guimarães,12081,10290,-1791
5244,BA,Rio Real,37164,35362,-1802
5245,MG,Montalvânia,15862,14060,-1802
5246,BA,Aporá,17731,15922,-1809
5247,SP,Presidente Epitácio,41318,39505,-1813
5248,BA,Miguel Calmon,26475,24661,-1814
5249,MG,Virgem da Lapa,13619,11804,-1815
5250,PE,Flores,22169,20347,-1822
5251,AL,Estrela de Alagoas,17251,15429,-1822
5252,MA,Paraibano,20103,18274,-1829
5253,PR,Palmital,14865,13033,-1832
5254,SE,Propriá,28451,26618,-1833
5255,RS,Barros Cassal,11133,9296,-1837
5256,BA,Baixa Grande,20060,18220,-1840
5257,GO,Iaciara,12427,10584,-1843
5258,MG,Itaobim,21001,19151,-1850
5259,BA,Ibicuí,15785,13934,-1851
5260,PR,Barbosa Ferraz,12656,10795,-1861
5261,MA,Buritirana,14784,12918,-1866
5262,AL,São José da Laje,22686,20813,-1873
5263,AM,Borba,34961,33080,-1881
5264,MG,Dionísio,8739,6847,-1892
5265,RJ,Barra do Piraí,94778,92883,-1895
5266,BA,Utinga,18173,16277,-1896
5267,CE,Saboeiro,15752,13854,-1898
5268,RS,Dom Pedrito,38898,36981,-1917
5269,AL,Igreja Nova,23292,21372,-1920
5270,CE,Itapajé,48350,46426,-1924
5271,MA,Cajari,18338,16412,-1926
5272,RS,Tapes,16629,14695,-1934
5273,RS,São Gabriel,60425,58487,-1938
5274,AM,Careiro,32734,30792,-1942
5275,TO,Esperantina,9476,7530,-1946
5276,PE,Belém do São Francisco,20253,18301,-1952
5277,BA,Quijingue,27228,25272,-1956
5278,BA,Brejolândia,11077,9108,-1969
5279,MG,Caeté,40750,38776,-1974
5280,BA,Santa Cruz da Vitória,6673,4681,-1992
5281,RS,São Borja,61671,59676,-1995
5282,AM,Maraã,17528,15529,-1999
5283,MG,Poté,15667,13666,-2001
5284,BA,Terra Nova,12803,10798,-2005
5285,BA,Dário Meira,12836,10820,-2016
5286,PR,Cantagalo,12952,10933,-2019
5287,PA,São Domingos do Araguaia,23130,21092,-2038
5288,SP,Miracatu,20592,18553,-2039
5289,AL,Novo Lino,12060,10020,-2040
5290,CE,São João do Jaguaribe,7900,5855,-2045
5291,AL,Capela,17077,15032,-2045
5292,MT,Alto Paraguai,10066,8009,-2057
5293,MA,Governador Eugênio Barros,15991,13930,-2061
5294,PR,Cruz Machado,18040,15978,-2062
5295,MG,Várzea da Palma,35809,33744,-2065
5296,RJ,Angra dos Reis,169511,167434,-2077
5297,SP,Cruzeiro,77039,74961,-2078
5298,SE,Neópolis,18506,16426,-2080
5299,CE,Boa Viagem,52498,50411,-2087
5300,MT,Jauru,10455,8367,-2088
5301,SP,Espírito Santo do Pinhal,41907,39816,-2091
5302,SP,Juquiá,19246,17154,-2092
5303,MG,Rubelita,7772,5679,-2093
5304,BA,Conceição do Almeida,17889,15794,-2095
5305,TO,Miracema do Tocantins,20684,18566,-2118
5306,CE,Aiuaba,16203,14076,-2127
5307,CE,Barro,21514,19381,-2133
5308,AL,Traipu,25702,23565,-2137
5309,PE,Rio Formoso,22151,20009,-2142
5310,SP,Queluz,11309,9159,-2150
5311,MA,Coroatá,61725,59566,-2159
5312,PR,Clevelândia,17240,15070,-2170
5313,CE,Cedro,24527,22344,-2183
5314,CE,Senador Pompeu,26469,24266,-2203
5315,CE,Alto Santo,16359,14155,-2204
5316,MT,São José do Rio Claro,17124,14911,-2213
5317,MT,Rosário Oeste,17679,15453,-2226
5318,BA,Itiúba,36113,33872,-2241
5319,SP,Poá,106013,103765,-2248
5320,RO,Urupá,12974,10725,-2249
5321,SP,Rosana,19691,17440,-2251
5322,PB,Tacima,10262,8010,-2252
5323,AL,Limoeiro de Anadia,26992,24740,-2252
5324,PE,Cortês,12452,10198,-2254
5325,PE,Machados,13596,11333,-2263
5326,RO,Guajará-Mirim,41656,39387,-2269
5327,ES,Pedro Canário,23794,21522,-2272
5328,MA,Governador Nunes Freire,25401,23128,-2273
5329,RS,Tupanciretã,22281,20005,-2276
5330,RS,Guaíba,95204,92924,-2280
5331,BA,Itajuípe,21081,18781,-2300
5332,BA,Olindina,24943,22633,-2310
5333,MA,São Luís Gonzaga do Maranhão,20153,17818,-2335
5334,RS,Piratini,19841,17504,-2337
5335,MA,Itinga do Maranhão,24863,22513,-2350
5336,BA,Guajeru,10412,8050,-2362
5337,BA,Caetanos,13639,11266,-2373
5338,BA,Itapetinga,68273,65897,-2376
5339,MT,Barra do Bugres,31793,29403,-2390
5340,RS,Itaqui,38159,35768,-2391
5341,MA,Pedreiras,39448,37050,-2398
5342,BA,Itanhém,20216,17813,-2403
5343,PA,Maracanã,28376,25971,-2405
5344,MG,Cabo Verde,13823,11410,-2413
5345,CE,Milagres,28316,25900,-2416
5346,BA,Aurelino Leal,13595,11179,-2416
5347,PB,Alagoa Grande,28479,26062,-2417
5348,SP,Aparecida,35007,32569,-2438
5349,BA,Ipirá,59343,56876,-2467
5350,MG,Berilo,12300,9826,-2474
5351,PE,Xexéu,14093,11611,-2482
5352,PE,Joaquim Nabuco,15773,13269,-2504
5353,RO,Governador Jorge Teixeira,10512,8001,-2511
5354,SP,Santo Anastácio,20475,17963,-2512
5355,MS,Porto Murtinho,15372,12859,-2513
5356,BA,Inhambupe,36306,33790,-2516
5357,RS,Cacequi,13676,11157,-2519
5358,SP,São Vicente,332445,329911,-2534
5359,RO,Theobroma,10649,8113,-2536
5360,MA,Estreito,35835,33294,-2541
5361,RO,Monte Negro,14091,11548,-2543
5362,TO,Babaçulândia,10424,7880,-2544
5363,MA,Poção de Pedras,19708,17161,-2547
5364,PR,Assaí,16354,13797,-2557
5365,AL,Jequiá da Praia,12029,9470,-2559
5366,PR,Porecatu,14189,11624,-2565
5367,RO,Novo Horizonte do Oeste,10240,7667,-2573
5368,RS,São Sepé,23798,21219,-2579
5369,CE,Santa Quitéria,42763,40183,-2580
5370,AL,São Miguel dos Campos,54577,51990,-2587
5371,RS,Pelotas,328275,325685,-2590
5372,MA,Bom Lugar,14818,12212,-2606
5373,MG,Água Boa,15195,12589,-2606
5374,BA,Ibicaraí,24272,21665,-2607
5375,PR,General Carneiro,13669,11062,-2607
5376,MG,Ladainha,16994,14383,-2611
5377,SP,Pontal,40244,37607,-2637
5378,RO,Mirante da Serra,11878,9235,-2643
5379,PE,Panelas,25645,22991,-2654
5380,ES,Pancas,21548,18893,-2655
5381,BA,Cândido Sales,27918,25247,-2671
5382,MA,Peri Mirim,13803,11108,-2695
5383,PE,Sirinhaém,40296,37596,-2700
5384,AL,Flexeiras,12325,9618,-2707
5385,SP,Presidente Venceslau,37910,35201,-2709
5386,BA,Boquira,22037,19322,-2715
5387,AL,Inhapi,17898,15167,-2731
5388,PA,Aurora do Pará,26546,23774,-2772
5389,BA,Cachoeira,32026,29250,-2776
5390,MA,Araguanã,13973,11181,-2792
5391,MG,Caraí,22343,19548,-2795
5392,BA,Gongogi,8357,5555,-2802
5393,CE,Icó,65456,62642,-2814
5394,AL,Mata Grande,24698,21844,-2854
5395,BA,Antas,17072,14206,-2866
5396,PE,Maraial,12230,9359,-2871
5397,MG,Francisco Badaró,10248,7366,-2882
5398,RO,Ouro Preto do Oeste,37928,35044,-2884
5399,RO,Alta Floresta D'Oeste,24392,21494,-2898
5400,SE,Laranjeiras,26902,23975,-2927
5401,RO,Colorado do Oeste,18591,15663,-2928
5402,BA,Catu,51077,48148,-2929
5403,MA,Tuntum,39183,36251,-2932
5404,RS,Rio Pardo,37591,34654,-2937
5405,BA,Sátiro Dias,18964,16008,-2956
5406,MT,Guiratinga,13934,10966,-2968
5407,RO,Presidente Médici,22319,19327,-2992
5408,BA,Nova Canaã,16713,13715,-2998
5409,MG,Buritizeiro,26922,23910,-3012
5410,PE,João Alfredo,30743,27725,-3018
5411,BA,Valença,88673,85655,-3018
5412,BA,Pedro Alexandre,16995,13954,-3041
5413,BA,São Félix,14098,11026,-3072
5414,RS,Rosário do Sul,39707,36630,-3077
5415,AL,União dos Palmares,62358,59280,-3078
5416,BA,Ubaitaba,20691,17596,-3095
5417,AL,Teotônio Vilela,41152,38053,-3099
5418,BA,Guaratinga,22165,19049,-3116
5419,SP,Guarujá,290752,287634,-3118
5420,MA,Satubinha,11990,8784,-3206
5421,BA,Rafael Jambeiro,22874,19662,-3212
5422,MT,Santo Antônio do Leverger,18463,15246,-3217
5423,BA,Itororó,19914,16617,-3297
5424,MA,Senador La Rocque,17998,14700,-3298
5425,PE,Sanharó,21955,18624,-3331
5426,MA,Parnarama,34586,31250,-3336
5427,BA,Araci,51651,48294,-3357
5428,BA,Umburanas,17000,13642,-3358
5429,MA,Alcântara,21851,18467,-3384
5430,MA,Araioses,42505,39052,-3453
5431,AL,Anadia,17424,13966,-3458
5432,BA,Itamaraju,63069,59605,-3464
5433,BA,Simões Filho,118047,114559,-3488
5434,SP,Itararé,47934,44438,-3496
5435,MG,Cataguases,69757,66261,-3496
5436,RS,Canguçu,53259,49680,-3579
5437,PE,Salgadinho,9312,5727,-3585
5438,PA,Eldorado do Carajás,31786,28192,-3594
5439,PE,Escada,63517,59891,-3626
5440,BA,Coaraci,20964,17333,-3631
5441,BA,Piripá,12783,9152,-3631
5442,MG,Além Paraíba,34349,30717,-3632
5443,AM,Nova Olinda do Norte,30696,27062,-3634
5444,CE,Caridade,20020,16377,-3643
5445,BA,Tucano,52418,48736,-3682
5446,BA,Ipiaú,44390,40706,-3684
5447,PE,Amaraji,21939,18205,-3734
5448,RO,Alvorada D'Oeste,16853,13117,-3736
5449,MG,Novo Cruzeiro,30725,26975,-3750
5450,RJ,Valença,71843,68088,-3755
5451,RS,Cachoeira do Sul,83827,80070,-3757
5452,MA,Codó,118038,114275,-3763
5453,MA,Magalhães de Almeida,17587,13807,-3780
5454,PE,São Bento do Una,53242,49449,-3793
5455,BA,Buerarema,18605,14804,-3801
5456,RO,Campo Novo de Rondônia,12665,8844,-3821
5457,MG,Santos Dumont,46284,42406,-3878
5458,RO,Ministro Andreazza,10352,6466,-3886
5459,RS,Cruz Alta,62821,58913,-3908
5460,MT,Cotriguaçu,14983,11011,-3972
5461,AM,Santa Isabel do Rio Negro,18146,14164,-3982
5462,MA,Monção,31738,27751,-3987
5463,PA,Goianésia do Pará,30436,26362,-4074
5464,GO,Minaçu,31154,27075,-4079
5465,ES,Cachoeiro de Itapemirim,189889,185786,-4103
5466,RO,Nova Brasilândia D'Oeste,19874,15679,-4195
5467,AL,Colônia Leopoldina,20019,15816,-4203
5468,BA,Iguaí,25705,21491,-4214
5469,AM,Careiro da Várzea,23930,19637,-4293
5470,PA,Rurópolis,40087,35769,-4318
5471,PE,Vicência,30732,26359,-4373
5472,AL,Cajueiro,20409,16024,-4385
5473,BA,Novo Triunfo,15051,10660,-4391
5474,RO,Buritis,32383,27992,-4391
5475,BA,Monte Santo,52338,47780,-4558
5476,AL,Boca da Mata,25776,21187,-4589
5477,MA,Altamira do Maranhão,11063,6447,-4616
5478,RS,Esteio,80755,76137,-4618
5479,BA,Encruzilhada,23766,19107,-4659
5480,BA,Ituberá,26591,21902,-4689
5481,BA,Camamu,35180,30469,-4711
5482,MA,Nova Olinda do Maranhão,19134,14314,-4820
5483,AP,Laranjal do Jari,39942,35114,-4828
5484,BA,Piritiba,22399,17566,-4833
5485,MG,Chapada do Norte,15189,10337,-4852
5486,ES,Vitória,327801,322869,-4932
5487,PE,Palmares,59526,54584,-4942
5488,CE,Mombaça,42690,37735,-4955
5489,BA,Jaguaquara,51011,45964,-5047
5490,MA,Coelho Neto,46750,41658,-5092
5491,BA,Macaúbas,47051,41859,-5192
5492,BA,Caatiba,11420,6205,-5215
5493,MA,Santa Quitéria do Maranhão,29191,23957,-5234
5494,RS,Alegrete,77653,72409,-5244
5495,PA,Placas,23934,18668,-5266
5496,RS,Rio Grande,197228,191900,-5328
5497,MA,Alto Alegre do Pindaré,31057,25710,-5347
5498,AM,Coari,75965,70616,-5349
5499,PA,Ulianópolis,43341,37972,-5369
5500,AL,Joaquim Gomes,22575,17150,-5425
5501,BA,Ilhéus,184236,178649,-5587
5502,AM,Parintins,102033,96372,-5661
5503,PE,Catende,37820,32156,-5664
5504,AM,Manaquiri,22801,17107,-5694
5505,RJ,Paracambi,47124,41375,-5749
5506,MG,Nanuque,40834,35038,-5796
5507,RJ,Niterói,487562,481749,-5813
5508,PA,Tucuruí,97128,91306,-5822
5509,MA,Bom Jardim,39049,33100,-5949
5510,BA,Una,24110,18131,-5979
5511,MA,Vargem Grande,49412,43261,-6151
5512,MA,Arame,31702,25517,-6185
5513,CE,Acopiara,51160,44962,-6198
5514,SP,Cubatão,118720,112476,-6244
5515,PE,Quipapá,24186,17928,-6258
5516,MG,Minas Novas,30794,24405,-6389
5517,MG,Governador Valadares,263689,257171,-6518
5518,PE,Água Preta,33095,26461,-6634
5519,PA,Breu Branco,52493,45712,-6781
5520,PA,Tailândia,79297,72493,-6804
5521,AL,Atalaia,44322,37512,-6810
5522,PA,Cachoeira do Piriá,26484,19630,-6854
5523,AM,Barcelos,25718,18834,-6884
5524,BA,Maragogipe,42815,35859,-6956
5525,PA,Água Azul do Norte,25057,18080,-6977
5526,BA,Mundo Novo,24395,17305,-7090
5527,GO,Niquelândia,42361,34964,-7397
5528,MS,Corumbá,103703,96268,-7435
5529,PE,Timbaúba,53825,46147,-7678
5530,RJ,Barra Mansa,177813,169894,-7919
5531,RS,Uruguaiana,125435,117210,-8225
5532,RS,Alvorada,195673,187315,-8358
5533,CE,Maranguape,113561,105093,-8468
5534,CE,Catarina,18745,10243,-8502
5535,SC,Laguna,51562,42785,-8777
5536,BA,Camacan,31472,22579,-8893
5537,BA,Ubatã,25004,16094,-8910
5538,MA,Zé Doca,50173,40801,-9372
5539,PE,Gameleira,27912,18214,-9698
5540,MA,Buriticupu,65237,55499,-9738
5541,RJ,Nova Iguaçu,796257,785867,-10390
5542,RJ,Nilópolis,157425,146774,-10651
5543,BA,Candeias,83158,72382,-10776
5544,PE,Ribeirão,44439,33507,-10932
5545,RS,Novo Hamburgo,238940,227646,-11294
5546,MG,Ipatinga,239468,227731,-11737
5547,PA,Jacundá,51360,37707,-13653
5548,RS,Viamão,239384,224112,-15272
5549,MA,Santa Luzia,74043,57635,-16408
5550,PB,Bayeux,99716,82742,-16974
5551,RJ,Petrópolis,295917,278881,-17036
5552,RJ,São João de Meriti,458673,440962,-17711
5553,BA,Itabuna,204667,186708,-17959
5554,AL,Campo Alegre,50816,32106,-18710
5555,PA,Ipixuna do Pará,51309,30329,-20980
5556,CE,Fortaleza,2452185,2428708,-23477
5557,PA,Santana do Araguaia,56153,32413,-23740
5558,PA,São Félix do Xingu,91340,65418,-25922
5559,PE,Olinda,377779,349976,-27803
5560,RJ,Duque de Caxias,855048,808161,-46887
5561,PE,Recife,1537704,1488920,-48784
5562,RN,Natal,803739,751300,-52439
5563,MG,Belo Horizonte,2375151,2315560,-59591
5564,RS,Porto Alegre,1409351,1332845,-76506
5565,PA,Belém,1393399,1303403,-89996
5566,RJ,São Gonçalo,999728,896744,-102984
5567,RJ,Rio de Janeiro,6320446,6211223,-109223
5568,BA,Salvador,2675656,2417678,-257978
